filename,width,height,class,xmin,ymin,xmax,ymax
train_wo_709.jpg,800,600,without_mask,200,116,665,499
train_wo_721.jpg,800,600,without_mask,10,12,780,580
train_wo_735.jpg,800,600,without_mask,1,57,770,591
train_wo_1512.jpg,800,600,without_mask,100,140,406,371
train_wo_906.jpg,800,600,without_mask,2,108,778,578
train_wo_1274.jpg,800,600,without_mask,134,212,617,514
train_wo_1260.jpg,800,600,without_mask,289,221,540,582
train_wo_912.jpg,800,600,without_mask,68,97,793,591
train_wo_1506.jpg,800,600,without_mask,181,174,690,529
train_wo_1248.jpg,800,600,without_mask,6,48,780,595
train_wo_279.jpg,800,600,without_mask,25,63,772,597
train_wo_1089.jpg,800,600,without_mask,183,239,622,554
train_wo_245.jpg,800,600,without_mask,63,40,763,595
train_wo_523.jpg,800,600,without_mask,2,27,710,544
train_wo_537.jpg,800,600,without_mask,44,38,768,587
train_wo_251.jpg,800,600,without_mask,44,76,770,585
train_wo_1076.jpg,800,600,without_mask,6,23,800,600
train_wo_1062.jpg,800,600,without_mask,6,41,735,585
train_wo_286.jpg,800,600,without_mask,25,42,744,593
train_wo_292.jpg,800,600,without_mask,19,31,795,585
train_wo_319.jpg,800,600,without_mask,63,40,740,578
train_wo_331.jpg,800,600,without_mask,176,138,625,519
train_wo_457.jpg,800,600,without_mask,42,121,748,584
train_wo_443.jpg,800,600,without_mask,10,38,757,584
train_wo_325.jpg,800,600,without_mask,25,78,746,587
train_wo_1102.jpg,800,600,without_mask,249,110,649,408
train_wo_1116.jpg,800,600,without_mask,1,8,780,600
train_wo_494.jpg,800,600,without_mask,40,76,785,600
train_wo_480.jpg,800,600,without_mask,78,76,765,595
train_wo_669.jpg,800,600,without_mask,119,193,536,506
train_wo_41.jpg,800,600,without_mask,10,12,797,600
train_wo_55.jpg,800,600,without_mask,23,16,774,600
train_wo_1499.jpg,800,600,without_mask,4,70,800,600
train_wo_655.jpg,800,600,without_mask,6,129,791,599
train_wo_133.jpg,800,600,without_mask,10,33,770,576
train_wo_127.jpg,800,600,without_mask,12,55,800,600
train_wo_69.jpg,800,600,without_mask,12,44,727,597
train_wo_899.jpg,800,600,without_mask,6,2,793,589
train_wo_641.jpg,800,600,without_mask,183,146,642,512
train_wo_1466.jpg,800,600,without_mask,17,38,745,587
train_wo_872.jpg,800,600,without_mask,4,118,800,591
train_wo_82.jpg,800,600,without_mask,116,214,625,572
train_wo_1300.jpg,800,600,without_mask,210,167,623,484
train_wo_1314.jpg,800,600,without_mask,31,78,772,587
train_wo_96.jpg,800,600,without_mask,202,144,623,436
train_wo_866.jpg,800,600,without_mask,42,70,721,565
train_wo_1472.jpg,800,600,without_mask,28,76,794,600
train_wo_696.jpg,800,600,without_mask,4,38,800,600
train_wo_1328.jpg,800,600,without_mask,155,178,631,502
train_wo_682.jpg,800,600,without_mask,2,38,785,584
train_wo_1329.jpg,800,600,without_mask,27,114,755,600
train_wo_683.jpg,800,600,without_mask,23,23,800,584
train_wo_697.jpg,800,600,without_mask,108,178,625,516
train_wo_97.jpg,800,600,without_mask,34,76,793,593
train_wo_1315.jpg,800,600,without_mask,12,36,772,580
train_wo_1473.jpg,800,600,without_mask,9,108,800,600
train_wo_867.jpg,800,600,without_mask,40,46,768,587
train_wo_873.jpg,800,600,without_mask,31,101,740,589
train_wo_1467.jpg,800,600,without_mask,72,67,800,600
train_wo_1301.jpg,800,600,without_mask,1,33,761,597
train_wo_83.jpg,800,600,without_mask,12,25,753,600
train_wo_68.jpg,800,600,without_mask,16,12,753,580
train_wo_126.jpg,800,600,without_mask,14,19,789,593
train_wo_640.jpg,800,600,without_mask,4,18,778,600
train_wo_898.jpg,800,600,without_mask,6,51,780,580
train_wo_654.jpg,800,600,without_mask,12,133,757,561
train_wo_1498.jpg,800,600,without_mask,6,112,800,600
train_wo_132.jpg,800,600,without_mask,297,148,668,418
train_wo_54.jpg,800,600,without_mask,12,53,765,600
train_wo_668.jpg,800,600,without_mask,33,33,768,597
train_wo_40.jpg,800,600,without_mask,108,195,687,527
train_wo_481.jpg,800,600,without_mask,272,106,587,333
train_wo_495.jpg,800,600,without_mask,187,125,676,472
train_wo_1117.jpg,800,600,without_mask,12,65,748,555
train_wo_1103.jpg,800,600,without_mask,12,16,759,570
train_wo_442.jpg,800,600,without_mask,40,93,719,561
train_wo_324.jpg,800,600,without_mask,27,48,791,597
train_wo_330.jpg,800,600,without_mask,49,42,780,593
train_wo_456.jpg,800,600,without_mask,38,67,782,563
train_wo_318.jpg,800,600,without_mask,80,29,706,585
train_wo_293.jpg,800,600,without_mask,31,50,765,585
train_wo_287.jpg,800,600,without_mask,19,19,772,600
train_wo_1063.jpg,800,600,without_mask,212,85,414,383
train_wo_1077.jpg,800,600,without_mask,10,29,770,583
train_wo_536.jpg,800,600,without_mask,34,44,778,587
train_wo_250.jpg,800,600,without_mask,31,40,744,595
train_wo_244.jpg,800,600,without_mask,80,42,723,599
train_wo_1088.jpg,800,600,without_mask,170,189,643,535
train_wo_522.jpg,800,600,without_mask,34,42,768,589
train_wo_278.jpg,800,600,without_mask,146,127,646,534
train_wo_1249.jpg,800,600,without_mask,6,18,768,600
train_wo_1261.jpg,800,600,without_mask,14,48,787,582
train_wo_1507.jpg,800,600,without_mask,145,146,562,463
train_wo_913.jpg,800,600,without_mask,34,68,776,584
train_wo_907.jpg,800,600,without_mask,249,142,512,306
train_wo_1513.jpg,800,600,without_mask,200,208,530,440
train_wo_1275.jpg,800,600,without_mask,4,40,723,578
train_wo_734.jpg,800,600,without_mask,10,29,782,599
train_wo_720.jpg,800,600,without_mask,16,50,800,584
train_wo_708.jpg,800,600,without_mask,178,108,685,504
train_wo_736.jpg,800,600,without_mask,8,53,783,599
train_wo_1288.jpg,800,600,without_mask,153,57,666,600
train_wo_722.jpg,800,600,without_mask,159,119,659,467
train_wo_911.jpg,800,600,without_mask,31,38,780,595
train_wo_1505.jpg,800,600,without_mask,17,91,779,580
train_wo_1263.jpg,800,600,without_mask,168,167,638,523
train_wo_1277.jpg,800,600,without_mask,23,89,742,597
train_wo_1511.jpg,800,600,without_mask,2,75,767,538
train_wo_905.jpg,800,600,without_mask,242,97,534,308
train_wo_1539.jpg,800,600,without_mask,215,179,563,414
train_wo_939.jpg,800,600,without_mask,4,63,761,587
train_wo_508.jpg,800,600,without_mask,21,87,800,587
train_wo_252.jpg,800,600,without_mask,216,178,508,425
train_wo_534.jpg,800,600,without_mask,42,61,765,576
train_wo_520.jpg,800,600,without_mask,31,67,765,591
train_wo_246.jpg,800,600,without_mask,74,74,768,578
train_wo_1061.jpg,800,600,without_mask,24,22,747,595
train_wo_1075.jpg,800,600,without_mask,20,104,747,548
train_wo_291.jpg,800,600,without_mask,42,65,776,587
train_wo_285.jpg,800,600,without_mask,40,93,755,595
train_wo_1049.jpg,800,600,without_mask,129,91,660,545
train_wo_468.jpg,800,600,without_mask,59,38,751,587
train_wo_326.jpg,800,600,without_mask,68,67,753,593
train_wo_440.jpg,800,600,without_mask,51,85,700,589
train_wo_454.jpg,800,600,without_mask,46,40,772,593
train_wo_332.jpg,800,600,without_mask,163,133,649,510
train_wo_1115.jpg,800,600,without_mask,4,44,783,600
train_wo_1101.jpg,800,600,without_mask,4,77,785,581
train_wo_1129.jpg,800,600,without_mask,40,78,731,550
train_wo_483.jpg,800,600,without_mask,48,36,782,600
train_wo_497.jpg,800,600,without_mask,168,131,661,533
train_wo_118.jpg,800,600,without_mask,78,178,600,544
train_wo_56.jpg,800,600,without_mask,21,14,783,600
train_wo_42.jpg,800,600,without_mask,63,38,759,600
train_wo_642.jpg,800,600,without_mask,10,93,795,600
train_wo_124.jpg,800,600,without_mask,17,21,787,587
train_wo_130.jpg,800,600,without_mask,16,4,782,567
train_wo_656.jpg,800,600,without_mask,27,57,772,570
train_wo_865.jpg,800,600,without_mask,216,87,414,384
train_wo_1471.jpg,800,600,without_mask,24,116,792,576
train_wo_1317.jpg,800,600,without_mask,1,127,789,570
train_wo_95.jpg,800,600,without_mask,272,176,463,525
train_wo_81.jpg,800,600,without_mask,12,12,731,557
train_wo_1303.jpg,800,600,without_mask,166,168,670,521
train_wo_1465.jpg,800,600,without_mask,134,140,672,540
train_wo_871.jpg,800,600,without_mask,8,19,800,600
train_wo_681.jpg,800,600,without_mask,170,168,649,529
train_wo_859.jpg,800,600,without_mask,25,72,783,593
train_wo_695.jpg,800,600,without_mask,238,78,583,357
train_wo_1459.jpg,800,600,without_mask,160,176,613,493
train_wo_1458.jpg,800,600,without_mask,4,70,773,576
train_wo_694.jpg,800,600,without_mask,19,74,800,595
train_wo_858.jpg,800,600,without_mask,17,25,759,587
train_wo_680.jpg,800,600,without_mask,1,34,797,572
train_wo_1302.jpg,800,600,without_mask,272,134,497,421
train_wo_80.jpg,800,600,without_mask,182,155,665,518
train_wo_870.jpg,800,600,without_mask,12,65,768,587
train_wo_1464.jpg,800,600,without_mask,11,84,772,589
train_wo_1470.jpg,800,600,without_mask,149,159,638,531
train_wo_864.jpg,800,600,without_mask,10,21,749,593
train_wo_94.jpg,800,600,without_mask,42,33,800,600
train_wo_1316.jpg,800,600,without_mask,278,185,682,589
train_wo_131.jpg,800,600,without_mask,34,159,551,533
train_wo_657.jpg,800,600,without_mask,6,68,710,599
train_wo_643.jpg,800,600,without_mask,106,125,542,472
train_wo_125.jpg,800,600,without_mask,34,21,778,600
train_wo_43.jpg,800,600,without_mask,6,53,800,600
train_wo_57.jpg,800,600,without_mask,27,27,780,585
train_wo_119.jpg,800,600,without_mask,10,55,772,599
train_wo_496.jpg,800,600,without_mask,48,116,765,585
train_wo_1128.jpg,800,600,without_mask,149,185,623,527
train_wo_482.jpg,800,600,without_mask,12,63,783,600
train_wo_1100.jpg,800,600,without_mask,24,68,800,600
train_wo_1114.jpg,800,600,without_mask,16,74,763,595
train_wo_455.jpg,800,600,without_mask,68,68,785,574
train_wo_333.jpg,800,600,without_mask,249,151,563,429
train_wo_327.jpg,800,600,without_mask,16,38,746,567
train_wo_441.jpg,800,600,without_mask,19,101,689,587
train_wo_469.jpg,800,600,without_mask,148,204,525,563
train_wo_1048.jpg,800,600,without_mask,28,41,764,591
train_wo_284.jpg,800,600,without_mask,27,74,753,584
train_wo_290.jpg,800,600,without_mask,23,33,785,574
train_wo_1074.jpg,800,600,without_mask,10,93,774,591
train_wo_1060.jpg,800,600,without_mask,314,173,578,422
train_wo_521.jpg,800,600,without_mask,125,142,642,502
train_wo_247.jpg,800,600,without_mask,157,144,621,533
train_wo_253.jpg,800,600,without_mask,14,42,757,568
train_wo_535.jpg,800,600,without_mask,38,70,746,595
train_wo_509.jpg,800,600,without_mask,44,63,778,600
train_wo_938.jpg,800,600,without_mask,149,180,597,444
train_wo_1538.jpg,800,600,without_mask,219,99,519,379
train_wo_1276.jpg,800,600,without_mask,17,99,761,578
train_wo_904.jpg,800,600,without_mask,16,18,791,591
train_wo_1510.jpg,800,600,without_mask,50,134,782,599
train_wo_1504.jpg,800,600,without_mask,38,95,777,600
train_wo_910.jpg,800,600,without_mask,21,50,766,580
train_wo_1262.jpg,800,600,without_mask,4,2,797,600
train_wo_1289.jpg,800,600,without_mask,225,101,757,525
train_wo_723.jpg,800,600,without_mask,16,16,793,576
train_wo_737.jpg,800,600,without_mask,129,138,653,510
train_wo_1299.jpg,800,600,without_mask,17,46,793,597
train_wo_733.jpg,800,600,without_mask,25,38,782,568
train_wo_727.jpg,800,600,without_mask,6,33,793,576
train_wo_928.jpg,800,600,without_mask,174,178,672,527
train_wo_1528.jpg,800,600,without_mask,2,51,745,599
train_wo_1266.jpg,800,600,without_mask,2,68,765,580
train_wo_914.jpg,800,600,without_mask,16,74,774,559
train_wo_1500.jpg,800,600,without_mask,349,101,611,433
train_wo_1514.jpg,800,600,without_mask,39,125,800,558
train_wo_900.jpg,800,600,without_mask,8,21,782,555
train_wo_1272.jpg,800,600,without_mask,23,72,800,600
train_wo_531.jpg,800,600,without_mask,16,84,753,585
train_wo_257.jpg,800,600,without_mask,34,36,780,600
train_wo_243.jpg,800,600,without_mask,36,29,778,559
train_wo_525.jpg,800,600,without_mask,172,185,634,506
train_wo_519.jpg,800,600,without_mask,21,44,744,580
train_wo_1058.jpg,800,600,without_mask,133,54,654,566
train_wo_294.jpg,800,600,without_mask,16,12,782,585
train_wo_280.jpg,800,600,without_mask,38,23,776,587
train_wo_1064.jpg,800,600,without_mask,258,162,503,506
train_wo_1070.jpg,800,600,without_mask,3,2,749,600
train_wo_445.jpg,800,600,without_mask,33,108,751,585
train_wo_323.jpg,800,600,without_mask,17,48,765,580
train_wo_337.jpg,800,600,without_mask,34,42,774,584
train_wo_451.jpg,800,600,without_mask,42,93,765,593
train_wo_479.jpg,800,600,without_mask,159,138,651,485
train_wo_486.jpg,800,600,without_mask,19,18,772,584
train_wo_1138.jpg,800,600,without_mask,57,63,799,599
train_wo_492.jpg,800,600,without_mask,182,146,670,516
train_wo_1110.jpg,800,600,without_mask,14,87,791,584
train_wo_1104.jpg,800,600,without_mask,17,89,765,599
train_wo_121.jpg,800,600,without_mask,29,19,778,595
train_wo_647.jpg,800,600,without_mask,12,6,783,597
train_wo_653.jpg,800,600,without_mask,31,97,791,589
train_wo_135.jpg,800,600,without_mask,33,29,770,597
train_wo_53.jpg,800,600,without_mask,6,38,774,600
train_wo_109.jpg,800,600,without_mask,133,172,649,508
train_wo_47.jpg,800,600,without_mask,10,10,791,600
train_wo_1448.jpg,800,600,without_mask,34,95,751,584
train_wo_684.jpg,800,600,without_mask,12,93,800,572
train_wo_690.jpg,800,600,without_mask,155,127,646,501
train_wo_848.jpg,800,600,without_mask,4,82,776,557
train_wo_1312.jpg,800,600,without_mask,42,110,772,599
train_wo_90.jpg,800,600,without_mask,23,18,778,600
train_wo_860.jpg,800,600,without_mask,289,95,565,321
train_wo_1474.jpg,800,600,without_mask,21,99,800,600
train_wo_1460.jpg,800,600,without_mask,83,74,800,600
train_wo_874.jpg,800,600,without_mask,12,74,778,597
train_wo_84.jpg,800,600,without_mask,14,18,800,600
train_wo_1306.jpg,800,600,without_mask,21,93,785,600
train_wo_875.jpg,800,600,without_mask,21,102,783,555
train_wo_1461.jpg,800,600,without_mask,32,46,790,600
train_wo_1307.jpg,800,600,without_mask,48,80,763,600
train_wo_85.jpg,800,600,without_mask,49,19,768,591
train_wo_91.jpg,800,600,without_mask,65,67,778,600
train_wo_1313.jpg,800,600,without_mask,14,116,766,567
train_wo_1475.jpg,800,600,without_mask,1,53,800,600
train_wo_861.jpg,800,600,without_mask,187,167,634,519
train_wo_849.jpg,800,600,without_mask,33,87,783,568
train_wo_691.jpg,800,600,without_mask,19,85,789,568
train_wo_685.jpg,800,600,without_mask,117,102,517,516
train_wo_1449.jpg,800,600,without_mask,19,42,753,572
train_wo_46.jpg,800,600,without_mask,6,10,768,600
train_wo_108.jpg,800,600,without_mask,148,142,599,502
train_wo_52.jpg,800,600,without_mask,40,6,772,600
train_wo_652.jpg,800,600,without_mask,34,91,778,580
train_wo_134.jpg,800,600,without_mask,23,72,765,593
train_wo_120.jpg,800,600,without_mask,182,133,642,502
train_wo_646.jpg,800,600,without_mask,48,38,731,593
train_wo_1105.jpg,800,600,without_mask,293,123,525,365
train_wo_1111.jpg,800,600,without_mask,4,87,768,591
train_wo_1139.jpg,800,600,without_mask,57,97,782,597
train_wo_493.jpg,800,600,without_mask,121,110,704,468
train_wo_487.jpg,800,600,without_mask,176,85,631,444
train_wo_478.jpg,800,600,without_mask,316,127,531,282
train_wo_336.jpg,800,600,without_mask,12,65,783,600
train_wo_450.jpg,800,600,without_mask,25,33,763,584
train_wo_444.jpg,800,600,without_mask,191,159,644,525
train_wo_322.jpg,800,600,without_mask,233,178,672,516
train_wo_1071.jpg,800,600,without_mask,20,133,800,600
train_wo_1065.jpg,800,600,without_mask,72,68,768,591
train_wo_281.jpg,800,600,without_mask,14,34,774,576
train_wo_295.jpg,800,600,without_mask,46,50,733,578
train_wo_1059.jpg,800,600,without_mask,41,143,622,581
train_wo_518.jpg,800,600,without_mask,16,67,734,582
train_wo_242.jpg,800,600,without_mask,17,114,766,595
train_wo_524.jpg,800,600,without_mask,93,72,755,600
train_wo_530.jpg,800,600,without_mask,12,50,721,584
train_wo_256.jpg,800,600,without_mask,27,53,736,572
train_wo_901.jpg,800,600,without_mask,170,163,693,501
train_wo_1515.jpg,800,600,without_mask,8,8,754,600
train_wo_1273.jpg,800,600,without_mask,412,161,542,363
train_wo_1267.jpg,800,600,without_mask,214,182,683,519
train_wo_1501.jpg,800,600,without_mask,6,110,777,600
train_wo_915.jpg,800,600,without_mask,149,136,627,487
train_wo_1529.jpg,800,600,without_mask,276,142,519,429
train_wo_929.jpg,800,600,without_mask,397,148,719,425
train_wo_726.jpg,800,600,without_mask,159,136,648,495
train_wo_1298.jpg,800,600,without_mask,185,155,617,480
train_wo_732.jpg,800,600,without_mask,231,150,700,467
train_wo_724.jpg,800,600,without_mask,48,84,751,557
train_wo_730.jpg,800,600,without_mask,49,46,749,589
train_wo_718.jpg,800,600,without_mask,12,6,793,578
train_wo_1259.jpg,800,600,without_mask,29,46,780,597
train_wo_1271.jpg,800,600,without_mask,14,38,782,591
train_wo_1517.jpg,800,600,without_mask,34,136,765,597
train_wo_903.jpg,800,600,without_mask,57,50,753,567
train_wo_917.jpg,800,600,without_mask,240,89,661,476
train_wo_1503.jpg,800,600,without_mask,162,161,647,497
train_wo_1265.jpg,800,600,without_mask,27,91,766,600
train_wo_526.jpg,800,600,without_mask,68,46,731,589
train_wo_240.jpg,800,600,without_mask,34,33,736,582
train_wo_254.jpg,800,600,without_mask,97,61,759,585
train_wo_1098.jpg,800,600,without_mask,199,170,678,529
train_wo_532.jpg,800,600,without_mask,48,63,768,557
train_wo_268.jpg,800,600,without_mask,148,150,631,529
train_wo_283.jpg,800,600,without_mask,25,31,780,585
train_wo_297.jpg,800,600,without_mask,44,31,795,570
train_wo_1073.jpg,800,600,without_mask,8,95,781,577
train_wo_1067.jpg,800,600,without_mask,28,83,753,600
train_wo_452.jpg,800,600,without_mask,12,48,751,576
train_wo_334.jpg,800,600,without_mask,29,38,763,593
train_wo_320.jpg,800,600,without_mask,208,151,648,474
train_wo_446.jpg,800,600,without_mask,12,19,727,580
train_wo_308.jpg,800,600,without_mask,16,29,795,587
train_wo_491.jpg,800,600,without_mask,16,42,783,582
train_wo_485.jpg,800,600,without_mask,38,44,787,578
train_wo_1107.jpg,800,600,without_mask,19,63,753,589
train_wo_1113.jpg,800,600,without_mask,21,67,768,600
train_wo_136.jpg,800,600,without_mask,200,140,640,529
train_wo_78.jpg,800,600,without_mask,199,102,683,493
train_wo_888.jpg,800,600,without_mask,10,34,795,582
train_wo_650.jpg,800,600,without_mask,87,144,376,440
train_wo_644.jpg,800,600,without_mask,23,18,800,600
train_wo_1488.jpg,800,600,without_mask,160,182,507,442
train_wo_122.jpg,800,600,without_mask,31,14,780,589
train_wo_44.jpg,800,600,without_mask,159,84,606,485
train_wo_678.jpg,800,600,without_mask,125,101,699,576
train_wo_50.jpg,800,600,without_mask,23,6,748,557
train_wo_1339.jpg,800,600,without_mask,4,108,729,600
train_wo_693.jpg,800,600,without_mask,238,91,583,310
train_wo_687.jpg,800,600,without_mask,10,4,795,597
train_wo_87.jpg,800,600,without_mask,33,29,759,567
train_wo_1305.jpg,800,600,without_mask,10,34,783,580
train_wo_1463.jpg,800,600,without_mask,7,27,792,599
train_wo_877.jpg,800,600,without_mask,21,72,763,568
train_wo_863.jpg,800,600,without_mask,10,50,772,576
train_wo_1477.jpg,800,600,without_mask,19,93,787,591
train_wo_1311.jpg,800,600,without_mask,29,53,755,599
train_wo_93.jpg,800,600,without_mask,27,21,789,600
train_wo_1476.jpg,800,600,without_mask,21,85,764,585
train_wo_862.jpg,800,600,without_mask,8,18,714,600
train_wo_92.jpg,800,600,without_mask,23,8,772,600
train_wo_1310.jpg,800,600,without_mask,6,50,776,600
train_wo_1304.jpg,800,600,without_mask,25,63,778,580
train_wo_86.jpg,800,600,without_mask,25,61,776,600
train_wo_876.jpg,800,600,without_mask,38,61,789,589
train_wo_1462.jpg,800,600,without_mask,4,136,766,600
train_wo_686.jpg,800,600,without_mask,2,53,748,597
train_wo_1338.jpg,800,600,without_mask,133,155,617,482
train_wo_692.jpg,800,600,without_mask,142,168,651,527
train_wo_679.jpg,800,600,without_mask,165,136,631,434
train_wo_51.jpg,800,600,without_mask,33,72,768,546
train_wo_45.jpg,800,600,without_mask,8,78,746,600
train_wo_1489.jpg,800,600,without_mask,158,155,670,467
train_wo_645.jpg,800,600,without_mask,165,138,670,521
train_wo_123.jpg,800,600,without_mask,23,42,782,593
train_wo_79.jpg,800,600,without_mask,49,14,778,589
train_wo_137.jpg,800,600,without_mask,31,1,504,270
train_wo_651.jpg,800,600,without_mask,8,80,770,585
train_wo_889.jpg,800,600,without_mask,14,38,768,580
train_wo_1112.jpg,800,600,without_mask,104,172,536,459
train_wo_1106.jpg,800,600,without_mask,40,165,502,521
train_wo_484.jpg,800,600,without_mask,199,153,644,489
train_wo_490.jpg,800,600,without_mask,176,153,676,538
train_wo_309.jpg,800,600,without_mask,44,82,761,582
train_wo_321.jpg,800,600,without_mask,159,140,553,457
train_wo_447.jpg,800,600,without_mask,174,155,636,499
train_wo_453.jpg,800,600,without_mask,63,46,778,561
train_wo_335.jpg,800,600,without_mask,33,125,751,589
train_wo_1066.jpg,800,600,without_mask,179,129,553,395
train_wo_1072.jpg,800,600,without_mask,28,79,787,591
train_wo_296.jpg,800,600,without_mask,65,29,766,591
train_wo_282.jpg,800,600,without_mask,29,27,768,582
train_wo_269.jpg,800,600,without_mask,44,68,757,585
train_wo_1099.jpg,800,600,without_mask,176,162,687,518
train_wo_255.jpg,800,600,without_mask,161,165,631,514
train_wo_533.jpg,800,600,without_mask,148,153,604,514
train_wo_527.jpg,800,600,without_mask,199,165,638,504
train_wo_241.jpg,800,600,without_mask,14,67,778,576
train_wo_1502.jpg,800,600,without_mask,283,155,617,442
train_wo_916.jpg,800,600,without_mask,10,72,776,582
train_wo_1264.jpg,800,600,without_mask,148,168,612,514
train_wo_1270.jpg,800,600,without_mask,10,29,780,597
train_wo_902.jpg,800,600,without_mask,155,140,627,504
train_wo_1516.jpg,800,600,without_mask,8,5,756,600
train_wo_1258.jpg,800,600,without_mask,38,14,783,595
train_wo_719.jpg,800,600,without_mask,16,14,791,540
train_wo_731.jpg,800,600,without_mask,12,16,761,582
train_wo_725.jpg,800,600,without_mask,200,104,670,495
train_wo_742.jpg,800,600,without_mask,16,31,783,582
train_wo_756.jpg,800,600,without_mask,23,27,768,587
train_wo_1217.jpg,800,600,without_mask,168,174,672,497
train_wo_965.jpg,800,600,without_mask,4,46,755,584
train_wo_1571.jpg,800,600,without_mask,4,97,784,597
train_wo_1565.jpg,800,600,without_mask,45,88,800,562
train_wo_971.jpg,800,600,without_mask,134,95,661,531
train_wo_1203.jpg,800,600,without_mask,29,118,761,578
train_wo_959.jpg,800,600,without_mask,25,119,800,600
train_wo_781.jpg,800,600,without_mask,6,1,800,600
train_wo_795.jpg,800,600,without_mask,163,140,651,510
train_wo_1559.jpg,800,600,without_mask,169,201,665,531
train_wo_568.jpg,800,600,without_mask,295,193,497,540
train_wo_540.jpg,800,600,without_mask,6,53,763,585
train_wo_226.jpg,800,600,without_mask,178,127,714,514
train_wo_232.jpg,800,600,without_mask,168,127,600,482
train_wo_554.jpg,800,600,without_mask,49,167,576,476
train_wo_8.jpg,800,600,without_mask,191,125,623,525
train_wo_1015.jpg,800,600,without_mask,10,4,799,600
train_wo_1001.jpg,800,600,without_mask,4,42,800,587
train_wo_583.jpg,800,600,without_mask,33,82,765,600
train_wo_1029.jpg,800,600,without_mask,185,120,626,406
train_wo_597.jpg,800,600,without_mask,25,87,759,593
train_wo_408.jpg,800,600,without_mask,44,119,757,570
train_wo_434.jpg,800,600,without_mask,21,40,759,567
train_wo_352.jpg,800,600,without_mask,25,80,748,585
train_wo_346.jpg,800,600,without_mask,33,72,759,587
train_wo_420.jpg,800,600,without_mask,25,65,778,600
train_wo_1607.jpg,800,600,without_mask,8,47,784,584
train_wo_1161.jpg,800,600,without_mask,2,21,797,600
train_wo_1175.jpg,800,600,without_mask,25,67,782,585
train_wo_1613.jpg,800,600,without_mask,8,79,726,566
train_wo_391.jpg,800,600,without_mask,23,23,782,587
train_wo_385.jpg,800,600,without_mask,227,167,517,402
train_wo_1149.jpg,800,600,without_mask,33,29,795,591
train_wo_22.jpg,800,600,without_mask,74,23,755,600
train_wo_178.jpg,800,600,without_mask,259,170,549,410
train_wo_36.jpg,800,600,without_mask,25,18,800,600
train_wo_150.jpg,800,600,without_mask,302,140,502,565
train_wo_636.jpg,800,600,without_mask,53,29,797,600
train_wo_622.jpg,800,600,without_mask,25,42,765,582
train_wo_144.jpg,800,600,without_mask,38,27,795,600
train_wo_1388.jpg,800,600,without_mask,4,65,768,585
train_wo_1363.jpg,800,600,without_mask,19,40,785,599
train_wo_811.jpg,800,600,without_mask,10,4,795,593
train_wo_1405.jpg,800,600,without_mask,183,142,683,506
train_wo_1411.jpg,800,600,without_mask,158,153,630,504
train_wo_805.jpg,800,600,without_mask,8,48,797,561
train_wo_1377.jpg,800,600,without_mask,255,127,672,355
train_wo_193.jpg,800,600,without_mask,268,163,580,408
train_wo_1439.jpg,800,600,without_mask,7,119,785,578
train_wo_839.jpg,800,600,without_mask,8,70,787,599
train_wo_187.jpg,800,600,without_mask,36,46,761,600
train_wo_838.jpg,800,600,without_mask,325,214,472,346
train_wo_186.jpg,800,600,without_mask,182,180,510,463
train_wo_192.jpg,800,600,without_mask,280,102,525,263
train_wo_1438.jpg,800,600,without_mask,196,195,715,516
train_wo_804.jpg,800,600,without_mask,268,65,585,346
train_wo_1410.jpg,800,600,without_mask,189,121,411,404
train_wo_1376.jpg,800,600,without_mask,4,84,790,593
train_wo_1362.jpg,800,600,without_mask,136,136,625,531
train_wo_1404.jpg,800,600,without_mask,321,121,585,353
train_wo_810.jpg,800,600,without_mask,6,10,782,597
train_wo_623.jpg,800,600,without_mask,51,44,785,574
train_wo_1389.jpg,800,600,without_mask,198,251,538,521
train_wo_145.jpg,800,600,without_mask,17,74,800,600
train_wo_151.jpg,800,600,without_mask,10,6,770,600
train_wo_637.jpg,800,600,without_mask,21,27,774,561
train_wo_37.jpg,800,600,without_mask,12,87,782,600
train_wo_179.jpg,800,600,without_mask,17,65,772,589
train_wo_23.jpg,800,600,without_mask,51,91,761,600
train_wo_1148.jpg,800,600,without_mask,23,85,778,580
train_wo_384.jpg,800,600,without_mask,59,129,770,587
train_wo_390.jpg,800,600,without_mask,399,125,540,346
train_wo_1174.jpg,800,600,without_mask,389,89,578,384
train_wo_1612.jpg,800,600,without_mask,8,94,745,600
train_wo_1606.jpg,800,600,without_mask,2,144,767,597
train_wo_1160.jpg,800,600,without_mask,38,70,800,563
train_wo_347.jpg,800,600,without_mask,40,67,789,572
train_wo_421.jpg,800,600,without_mask,21,70,770,595
train_wo_435.jpg,800,600,without_mask,19,106,765,570
train_wo_353.jpg,800,600,without_mask,48,61,780,572
train_wo_409.jpg,800,600,without_mask,10,21,776,589
train_wo_596.jpg,800,600,without_mask,170,112,555,476
train_wo_582.jpg,800,600,without_mask,12,80,761,591
train_wo_1028.jpg,800,600,without_mask,20,48,787,573
train_wo_1000.jpg,800,600,without_mask,2,68,791,567
train_wo_1014.jpg,800,600,without_mask,8,87,756,597
train_wo_233.jpg,800,600,without_mask,10,68,800,600
train_wo_9.jpg,800,600,without_mask,80,21,778,600
train_wo_555.jpg,800,600,without_mask,299,180,633,418
train_wo_541.jpg,800,600,without_mask,83,199,510,521
train_wo_227.jpg,800,600,without_mask,195,112,665,501
train_wo_569.jpg,800,600,without_mask,19,29,793,595
train_wo_1558.jpg,800,600,without_mask,161,166,582,449
train_wo_794.jpg,800,600,without_mask,29,50,793,599
train_wo_780.jpg,800,600,without_mask,6,78,785,563
train_wo_958.jpg,800,600,without_mask,163,182,644,525
train_wo_970.jpg,800,600,without_mask,16,65,785,584
train_wo_1564.jpg,800,600,without_mask,30,53,800,590
train_wo_1202.jpg,800,600,without_mask,444,119,587,367
train_wo_1216.jpg,800,600,without_mask,10,159,776,582
train_wo_1570.jpg,800,600,without_mask,24,92,776,592
train_wo_964.jpg,800,600,without_mask,12,119,783,600
train_wo_757.jpg,800,600,without_mask,14,68,763,593
train_wo_743.jpg,800,600,without_mask,27,50,778,595
train_wo_769.jpg,800,600,without_mask,33,27,799,600
train_wo_1599.jpg,800,600,without_mask,17,110,789,575
train_wo_755.jpg,800,600,without_mask,17,72,774,587
train_wo_741.jpg,800,600,without_mask,16,40,780,584
train_wo_999.jpg,800,600,without_mask,170,174,648,534
train_wo_1200.jpg,800,600,without_mask,148,150,672,525
train_wo_1566.jpg,800,600,without_mask,26,94,800,575
train_wo_972.jpg,800,600,without_mask,187,146,676,504
train_wo_966.jpg,800,600,without_mask,19,76,757,572
train_wo_1572.jpg,800,600,without_mask,4,94,784,577
train_wo_1214.jpg,800,600,without_mask,12,8,791,600
train_wo_796.jpg,800,600,without_mask,10,10,789,600
train_wo_782.jpg,800,600,without_mask,6,34,757,595
train_wo_1228.jpg,800,600,without_mask,4,42,797,597
train_wo_219.jpg,800,600,without_mask,116,170,523,497
train_wo_557.jpg,800,600,without_mask,49,63,772,585
train_wo_231.jpg,800,600,without_mask,29,18,774,600
train_wo_225.jpg,800,600,without_mask,174,155,651,518
train_wo_543.jpg,800,600,without_mask,48,31,785,591
train_wo_1002.jpg,800,600,without_mask,12,82,751,584
train_wo_1016.jpg,800,600,without_mask,47,45,766,585
train_wo_594.jpg,800,600,without_mask,121,118,689,470
train_wo_580.jpg,800,600,without_mask,16,31,789,600
train_wo_379.jpg,800,600,without_mask,34,59,791,570
train_wo_423.jpg,800,600,without_mask,33,82,746,580
train_wo_1189.jpg,800,600,without_mask,308,144,410,278
train_wo_345.jpg,800,600,without_mask,29,119,740,580
train_wo_351.jpg,800,600,without_mask,29,55,768,580
train_wo_437.jpg,800,600,without_mask,204,153,638,482
train_wo_1610.jpg,800,600,without_mask,11,114,774,600
train_wo_1176.jpg,800,600,without_mask,125,153,599,497
train_wo_1162.jpg,800,600,without_mask,6,42,799,593
train_wo_1604.jpg,800,600,without_mask,4,31,767,600
train_wo_386.jpg,800,600,without_mask,299,184,514,453
train_wo_392.jpg,800,600,without_mask,44,46,749,593
train_wo_35.jpg,800,600,without_mask,259,144,504,385
train_wo_609.jpg,800,600,without_mask,285,148,625,389
train_wo_21.jpg,800,600,without_mask,49,84,782,600
train_wo_147.jpg,800,600,without_mask,21,34,757,572
train_wo_621.jpg,800,600,without_mask,40,68,751,568
train_wo_635.jpg,800,600,without_mask,10,40,776,584
train_wo_153.jpg,800,600,without_mask,172,102,589,482
train_wo_1374.jpg,800,600,without_mask,4,51,800,593
train_wo_1412.jpg,800,600,without_mask,192,172,668,499
train_wo_806.jpg,800,600,without_mask,4,67,793,589
train_wo_812.jpg,800,600,without_mask,257,129,649,465
train_wo_1406.jpg,800,600,without_mask,23,87,724,600
train_wo_1360.jpg,800,600,without_mask,6,4,780,600
train_wo_1348.jpg,800,600,without_mask,21,31,749,593
train_wo_184.jpg,800,600,without_mask,302,1,763,268
train_wo_190.jpg,800,600,without_mask,16,8,759,600
train_wo_191.jpg,800,600,without_mask,61,53,740,595
train_wo_185.jpg,800,600,without_mask,163,121,629,485
train_wo_1349.jpg,800,600,without_mask,25,21,742,591
train_wo_1407.jpg,800,600,without_mask,38,91,775,600
train_wo_813.jpg,800,600,without_mask,129,127,680,487
train_wo_1361.jpg,800,600,without_mask,10,10,795,600
train_wo_1375.jpg,800,600,without_mask,2,82,800,585
train_wo_807.jpg,800,600,without_mask,1,38,763,597
train_wo_1413.jpg,800,600,without_mask,7,21,787,548
train_wo_634.jpg,800,600,without_mask,399,127,534,367
train_wo_152.jpg,800,600,without_mask,46,23,725,600
train_wo_146.jpg,800,600,without_mask,19,51,759,600
train_wo_620.jpg,800,600,without_mask,27,44,749,584
train_wo_608.jpg,800,600,without_mask,134,157,682,570
train_wo_20.jpg,800,600,without_mask,38,1,757,585
train_wo_34.jpg,800,600,without_mask,289,136,465,257
train_wo_393.jpg,800,600,without_mask,104,118,646,561
train_wo_387.jpg,800,600,without_mask,16,84,791,593
train_wo_1163.jpg,800,600,without_mask,6,40,757,595
train_wo_1605.jpg,800,600,without_mask,11,14,800,600
train_wo_1611.jpg,800,600,without_mask,28,97,778,542
train_wo_1177.jpg,800,600,without_mask,2,40,800,600
train_wo_350.jpg,800,600,without_mask,10,51,734,591
train_wo_436.jpg,800,600,without_mask,134,191,600,455
train_wo_422.jpg,800,600,without_mask,16,63,738,591
train_wo_344.jpg,800,600,without_mask,14,36,727,587
train_wo_1188.jpg,800,600,without_mask,10,16,793,591
train_wo_378.jpg,800,600,without_mask,65,116,763,553
train_wo_581.jpg,800,600,without_mask,27,63,766,599
train_wo_595.jpg,800,600,without_mask,40,61,768,600
train_wo_1017.jpg,800,600,without_mask,41,20,800,589
train_wo_1003.jpg,800,600,without_mask,46,95,765,565
train_wo_224.jpg,800,600,without_mask,200,178,644,504
train_wo_542.jpg,800,600,without_mask,2,42,778,578
train_wo_556.jpg,800,600,without_mask,34,67,740,567
train_wo_230.jpg,800,600,without_mask,19,14,755,597
train_wo_218.jpg,800,600,without_mask,172,157,657,538
train_wo_783.jpg,800,600,without_mask,12,8,778,600
train_wo_1229.jpg,800,600,without_mask,17,1,791,587
train_wo_797.jpg,800,600,without_mask,25,134,731,600
train_wo_1573.jpg,800,600,without_mask,8,84,800,600
train_wo_967.jpg,800,600,without_mask,197,153,440,344
train_wo_1215.jpg,800,600,without_mask,189,212,619,518
train_wo_1201.jpg,800,600,without_mask,14,19,778,568
train_wo_973.jpg,800,600,without_mask,10,48,753,578
train_wo_1567.jpg,800,600,without_mask,167,136,717,416
train_wo_998.jpg,800,600,without_mask,4,74,772,574
train_wo_740.jpg,800,600,without_mask,10,89,749,600
train_wo_754.jpg,800,600,without_mask,6,57,763,593
train_wo_1598.jpg,800,600,without_mask,1,42,793,600
train_wo_768.jpg,800,600,without_mask,2,4,789,593
train_wo_750.jpg,800,600,without_mask,2,21,795,591
train_wo_988.jpg,800,600,without_mask,14,19,797,600
train_wo_744.jpg,800,600,without_mask,4,21,783,599
train_wo_1588.jpg,800,600,without_mask,11,49,798,600
train_wo_778.jpg,800,600,without_mask,44,44,772,593
train_wo_793.jpg,800,600,without_mask,295,102,572,318
train_wo_1239.jpg,800,600,without_mask,87,125,385,427
train_wo_787.jpg,800,600,without_mask,119,78,536,451
train_wo_1563.jpg,800,600,without_mask,1,38,793,584
train_wo_977.jpg,800,600,without_mask,12,16,793,589
train_wo_1205.jpg,800,600,without_mask,16,63,753,600
train_wo_1211.jpg,800,600,without_mask,14,1,800,587
train_wo_963.jpg,800,600,without_mask,83,165,617,502
train_wo_1577.jpg,800,600,without_mask,4,86,793,592
train_wo_234.jpg,800,600,without_mask,14,65,719,600
train_wo_552.jpg,800,600,without_mask,14,38,700,572
train_wo_546.jpg,800,600,without_mask,399,131,531,355
train_wo_220.jpg,800,600,without_mask,17,38,770,600
train_wo_208.jpg,800,600,without_mask,19,93,797,600
train_wo_591.jpg,800,600,without_mask,282,146,489,419
train_wo_585.jpg,800,600,without_mask,4,31,714,600
train_wo_1007.jpg,800,600,without_mask,259,102,576,365
train_wo_1013.jpg,800,600,without_mask,12,52,737,581
train_wo_340.jpg,800,600,without_mask,191,140,638,474
train_wo_426.jpg,800,600,without_mask,4,65,757,565
train_wo_432.jpg,800,600,without_mask,131,18,685,557
train_wo_354.jpg,800,600,without_mask,193,146,642,516
train_wo_1198.jpg,800,600,without_mask,33,70,782,587
train_wo_368.jpg,800,600,without_mask,55,65,757,565
train_wo_383.jpg,800,600,without_mask,33,76,744,578
train_wo_1629.jpg,800,600,without_mask,6,55,791,600
train_wo_397.jpg,800,600,without_mask,38,38,765,587
train_wo_1173.jpg,800,600,without_mask,153,153,666,501
train_wo_1615.jpg,800,600,without_mask,2,44,800,600
train_wo_1601.jpg,800,600,without_mask,30,116,750,592
train_wo_1167.jpg,800,600,without_mask,31,123,795,544
train_wo_624.jpg,800,600,without_mask,2,21,800,595
train_wo_142.jpg,800,600,without_mask,8,12,800,600
train_wo_156.jpg,800,600,without_mask,29,36,783,591
train_wo_18.jpg,800,600,without_mask,34,25,772,600
train_wo_630.jpg,800,600,without_mask,161,129,631,491
train_wo_618.jpg,800,600,without_mask,166,140,663,497
train_wo_30.jpg,800,600,without_mask,51,174,734,533
train_wo_24.jpg,800,600,without_mask,168,138,648,521
train_wo_181.jpg,800,600,without_mask,121,180,621,470
train_wo_195.jpg,800,600,without_mask,6,6,787,600
train_wo_1359.jpg,800,600,without_mask,14,16,800,600
train_wo_1417.jpg,800,600,without_mask,53,163,675,550
train_wo_803.jpg,800,600,without_mask,189,106,666,480
train_wo_1371.jpg,800,600,without_mask,123,123,665,559
train_wo_1365.jpg,800,600,without_mask,12,46,780,587
train_wo_817.jpg,800,600,without_mask,263,104,614,353
train_wo_1403.jpg,800,600,without_mask,24,97,736,600
train_wo_1364.jpg,800,600,without_mask,163,110,649,516
train_wo_1402.jpg,800,600,without_mask,300,151,523,418
train_wo_816.jpg,800,600,without_mask,16,19,787,600
train_wo_802.jpg,800,600,without_mask,187,127,729,555
train_wo_1416.jpg,800,600,without_mask,160,140,634,502
train_wo_1370.jpg,800,600,without_mask,10,57,774,580
train_wo_1358.jpg,800,600,without_mask,34,63,800,600
train_wo_194.jpg,800,600,without_mask,14,2,782,600
train_wo_180.jpg,800,600,without_mask,12,19,785,574
train_wo_25.jpg,800,600,without_mask,185,148,651,482
train_wo_619.jpg,800,600,without_mask,48,57,749,580
train_wo_31.jpg,800,600,without_mask,29,53,753,584
train_wo_19.jpg,800,600,without_mask,6,6,700,600
train_wo_157.jpg,800,600,without_mask,12,10,782,595
train_wo_631.jpg,800,600,without_mask,210,150,666,506
train_wo_625.jpg,800,600,without_mask,38,93,755,597
train_wo_143.jpg,800,600,without_mask,25,50,763,600
train_wo_1600.jpg,800,600,without_mask,11,34,798,588
train_wo_1166.jpg,800,600,without_mask,2,38,734,580
train_wo_1172.jpg,800,600,without_mask,51,125,734,589
train_wo_1614.jpg,800,600,without_mask,39,86,787,562
train_wo_396.jpg,800,600,without_mask,48,57,755,593
train_wo_382.jpg,800,600,without_mask,53,82,751,578
train_wo_1628.jpg,800,600,without_mask,171,190,639,494
train_wo_369.jpg,800,600,without_mask,195,168,585,548
train_wo_433.jpg,800,600,without_mask,34,46,733,574
train_wo_1199.jpg,800,600,without_mask,174,123,685,514
train_wo_355.jpg,800,600,without_mask,193,110,691,502
train_wo_341.jpg,800,600,without_mask,49,102,738,568
train_wo_427.jpg,800,600,without_mask,34,51,751,550
train_wo_1012.jpg,800,600,without_mask,37,62,768,600
train_wo_1006.jpg,800,600,without_mask,14,106,765,591
train_wo_584.jpg,800,600,without_mask,1,53,748,600
train_wo_590.jpg,800,600,without_mask,208,123,676,510
train_wo_209.jpg,800,600,without_mask,48,21,768,595
train_wo_547.jpg,800,600,without_mask,48,55,753,563
train_wo_221.jpg,800,600,without_mask,206,142,634,567
train_wo_235.jpg,800,600,without_mask,206,118,657,502
train_wo_553.jpg,800,600,without_mask,29,72,753,591
train_wo_1210.jpg,800,600,without_mask,168,159,619,508
train_wo_1576.jpg,800,600,without_mask,21,62,800,600
train_wo_962.jpg,800,600,without_mask,10,89,791,589
train_wo_976.jpg,800,600,without_mask,6,27,765,584
train_wo_1562.jpg,800,600,without_mask,21,73,791,588
train_wo_1204.jpg,800,600,without_mask,178,189,666,493
train_wo_786.jpg,800,600,without_mask,21,34,799,600
train_wo_792.jpg,800,600,without_mask,12,68,793,570
train_wo_1238.jpg,800,600,without_mask,21,140,761,585
train_wo_779.jpg,800,600,without_mask,29,51,734,576
train_wo_1589.jpg,800,600,without_mask,178,160,682,501
train_wo_745.jpg,800,600,without_mask,36,23,768,600
train_wo_989.jpg,800,600,without_mask,25,51,751,576
train_wo_751.jpg,800,600,without_mask,6,21,780,600
train_wo_747.jpg,800,600,without_mask,34,31,774,600
train_wo_753.jpg,800,600,without_mask,195,136,651,506
train_wo_1548.jpg,800,600,without_mask,4,99,791,564
train_wo_784.jpg,800,600,without_mask,4,10,785,595
train_wo_948.jpg,800,600,without_mask,206,78,417,385
train_wo_790.jpg,800,600,without_mask,46,82,787,600
train_wo_960.jpg,800,600,without_mask,29,84,800,591
train_wo_1574.jpg,800,600,without_mask,13,101,800,600
train_wo_1212.jpg,800,600,without_mask,210,114,678,467
train_wo_1206.jpg,800,600,without_mask,10,10,744,600
train_wo_1560.jpg,800,600,without_mask,6,112,800,600
train_wo_974.jpg,800,600,without_mask,16,51,766,593
train_wo_223.jpg,800,600,without_mask,144,121,642,551
train_wo_545.jpg,800,600,without_mask,21,67,787,585
train_wo_551.jpg,800,600,without_mask,23,99,738,584
train_wo_237.jpg,800,600,without_mask,1,72,751,600
train_wo_579.jpg,800,600,without_mask,29,33,765,593
train_wo_586.jpg,800,600,without_mask,17,68,787,540
train_wo_592.jpg,800,600,without_mask,155,151,661,510
train_wo_1038.jpg,800,600,without_mask,20,87,778,579
train_wo_1010.jpg,800,600,without_mask,26,18,766,600
train_wo_1004.jpg,800,600,without_mask,2,127,800,589
train_wo_357.jpg,800,600,without_mask,236,59,534,385
train_wo_431.jpg,800,600,without_mask,53,40,753,597
train_wo_425.jpg,800,600,without_mask,53,97,746,553
train_wo_343.jpg,800,600,without_mask,23,21,768,587
train_wo_419.jpg,800,600,without_mask,6,40,738,587
train_wo_1158.jpg,800,600,without_mask,46,55,766,600
train_wo_394.jpg,800,600,without_mask,144,144,617,480
train_wo_380.jpg,800,600,without_mask,33,42,772,589
train_wo_1164.jpg,800,600,without_mask,21,36,768,593
train_wo_1602.jpg,800,600,without_mask,4,112,774,592
train_wo_1616.jpg,800,600,without_mask,37,134,795,542
train_wo_1170.jpg,800,600,without_mask,23,74,755,600
train_wo_633.jpg,800,600,without_mask,10,4,800,597
train_wo_1399.jpg,800,600,without_mask,24,84,785,582
train_wo_155.jpg,800,600,without_mask,195,82,636,476
train_wo_141.jpg,800,600,without_mask,300,140,465,253
train_wo_627.jpg,800,600,without_mask,12,40,791,572
train_wo_169.jpg,800,600,without_mask,134,123,606,504
train_wo_27.jpg,800,600,without_mask,163,180,372,548
train_wo_33.jpg,800,600,without_mask,123,119,553,474
train_wo_828.jpg,800,600,without_mask,157,118,633,453
train_wo_196.jpg,800,600,without_mask,4,12,800,599
train_wo_182.jpg,800,600,without_mask,14,46,766,600
train_wo_1428.jpg,800,600,without_mask,47,195,755,600
train_wo_814.jpg,800,600,without_mask,176,136,655,531
train_wo_1400.jpg,800,600,without_mask,6,61,789,587
train_wo_1366.jpg,800,600,without_mask,183,167,653,499
train_wo_1372.jpg,800,600,without_mask,6,110,774,584
train_wo_1414.jpg,800,600,without_mask,196,144,723,550
train_wo_800.jpg,800,600,without_mask,6,51,776,589
train_wo_1373.jpg,800,600,without_mask,194,165,677,518
train_wo_801.jpg,800,600,without_mask,4,14,783,565
train_wo_1415.jpg,800,600,without_mask,283,151,711,512
train_wo_1401.jpg,800,600,without_mask,245,104,607,361
train_wo_815.jpg,800,600,without_mask,266,131,644,467
train_wo_1367.jpg,800,600,without_mask,187,104,655,461
train_wo_183.jpg,800,600,without_mask,51,16,785,600
train_wo_1429.jpg,800,600,without_mask,232,146,651,419
train_wo_829.jpg,800,600,without_mask,4,53,797,591
train_wo_197.jpg,800,600,without_mask,65,27,770,587
train_wo_32.jpg,800,600,without_mask,34,36,763,600
train_wo_26.jpg,800,600,without_mask,44,85,761,600
train_wo_168.jpg,800,600,without_mask,44,87,766,600
train_wo_140.jpg,800,600,without_mask,117,172,648,465
train_wo_626.jpg,800,600,without_mask,278,151,476,282
train_wo_632.jpg,800,600,without_mask,40,127,770,600
train_wo_154.jpg,800,600,without_mask,187,187,655,538
train_wo_1398.jpg,800,600,without_mask,15,74,785,578
train_wo_1617.jpg,800,600,without_mask,1,140,800,564
train_wo_1171.jpg,800,600,without_mask,29,133,753,572
train_wo_1165.jpg,800,600,without_mask,191,136,655,487
train_wo_1603.jpg,800,600,without_mask,11,55,784,600
train_wo_381.jpg,800,600,without_mask,61,46,734,591
train_wo_395.jpg,800,600,without_mask,123,165,606,465
train_wo_1159.jpg,800,600,without_mask,270,95,629,355
train_wo_418.jpg,800,600,without_mask,17,21,757,600
train_wo_424.jpg,800,600,without_mask,31,63,772,584
train_wo_342.jpg,800,600,without_mask,78,23,785,584
train_wo_356.jpg,800,600,without_mask,133,151,636,502
train_wo_430.jpg,800,600,without_mask,14,2,512,267
train_wo_1005.jpg,800,600,without_mask,4,72,772,587
train_wo_1011.jpg,800,600,without_mask,258,81,576,366
train_wo_593.jpg,800,600,without_mask,25,131,797,600
train_wo_1039.jpg,800,600,without_mask,31,98,731,579
train_wo_587.jpg,800,600,without_mask,46,27,789,600
train_wo_578.jpg,800,600,without_mask,93,78,595,516
train_wo_550.jpg,800,600,without_mask,38,78,765,572
train_wo_236.jpg,800,600,without_mask,14,36,733,591
train_wo_222.jpg,800,600,without_mask,206,63,548,363
train_wo_544.jpg,800,600,without_mask,25,91,800,589
train_wo_1207.jpg,800,600,without_mask,2,25,765,568
train_wo_975.jpg,800,600,without_mask,21,25,772,600
train_wo_1561.jpg,800,600,without_mask,11,88,800,566
train_wo_1575.jpg,800,600,without_mask,13,73,754,600
train_wo_961.jpg,800,600,without_mask,12,116,793,582
train_wo_1213.jpg,800,600,without_mask,12,10,783,599
train_wo_791.jpg,800,600,without_mask,25,27,774,585
train_wo_949.jpg,800,600,without_mask,106,78,776,593
train_wo_785.jpg,800,600,without_mask,166,91,674,502
train_wo_1549.jpg,800,600,without_mask,165,216,682,525
train_wo_752.jpg,800,600,without_mask,182,91,385,478
train_wo_752.jpg,800,600,without_mask,499,144,695,459
train_wo_746.jpg,800,600,without_mask,8,72,763,600
train_wo_987.jpg,800,600,without_mask,23,89,791,595
train_wo_1593.jpg,800,600,without_mask,13,77,782,600
train_wo_1587.jpg,800,600,without_mask,48,103,778,549
train_wo_993.jpg,800,600,without_mask,44,68,753,518
train_wo_763.jpg,800,600,without_mask,108,123,614,512
train_wo_777.jpg,800,600,without_mask,223,102,534,387
train_wo_1236.jpg,800,600,without_mask,4,146,789,599
train_wo_1550.jpg,800,600,without_mask,187,166,643,534
train_wo_944.jpg,800,600,without_mask,149,138,648,510
train_wo_950.jpg,800,600,without_mask,6,51,787,585
train_wo_788.jpg,800,600,without_mask,23,6,799,565
train_wo_1544.jpg,800,600,without_mask,6,112,774,600
train_wo_1222.jpg,800,600,without_mask,261,180,655,487
train_wo_978.jpg,800,600,without_mask,33,112,759,600
train_wo_1578.jpg,800,600,without_mask,15,84,791,581
train_wo_1.jpg,800,600,without_mask,127,159,565,546
train_wo_549.jpg,800,600,without_mask,27,63,702,582
train_wo_561.jpg,800,600,without_mask,17,27,783,584
train_wo_207.jpg,800,600,without_mask,206,74,553,359
train_wo_213.jpg,800,600,without_mask,225,125,672,461
train_wo_575.jpg,800,600,without_mask,223,170,682,523
train_wo_1034.jpg,800,600,without_mask,210,129,601,539
train_wo_1020.jpg,800,600,without_mask,172,206,697,493
train_wo_1008.jpg,800,600,without_mask,129,31,776,600
train_wo_429.jpg,800,600,without_mask,8,31,778,582
train_wo_1183.jpg,800,600,without_mask,46,59,783,565
train_wo_1197.jpg,800,600,without_mask,33,46,768,589
train_wo_415.jpg,800,600,without_mask,14,131,772,584
train_wo_373.jpg,800,600,without_mask,274,151,514,353
train_wo_367.jpg,800,600,without_mask,87,170,574,523
train_wo_401.jpg,800,600,without_mask,31,33,780,600
train_wo_1626.jpg,800,600,without_mask,6,60,800,564
train_wo_1140.jpg,800,600,without_mask,8,4,800,593
train_wo_398.jpg,800,600,without_mask,142,223,593,531
train_wo_1154.jpg,800,600,without_mask,1,27,770,570
train_wo_1632.jpg,800,600,without_mask,19,112,761,600
train_wo_1168.jpg,800,600,without_mask,163,123,665,461
train_wo_1381.jpg,800,600,without_mask,17,104,768,600
train_wo_159.jpg,800,600,without_mask,17,12,791,589
train_wo_17.jpg,800,600,without_mask,48,27,716,595
train_wo_1395.jpg,800,600,without_mask,32,89,781,587
train_wo_171.jpg,800,600,without_mask,51,34,799,585
train_wo_617.jpg,800,600,without_mask,140,133,689,465
train_wo_603.jpg,800,600,without_mask,21,53,787,595
train_wo_165.jpg,800,600,without_mask,44,21,800,597
train_wo_1342.jpg,800,600,without_mask,10,67,744,582
train_wo_1424.jpg,800,600,without_mask,255,136,556,378
train_wo_830.jpg,800,600,without_mask,16,57,791,595
train_wo_824.jpg,800,600,without_mask,191,140,733,563
train_wo_1430.jpg,800,600,without_mask,1,8,800,600
train_wo_1356.jpg,800,600,without_mask,8,119,791,600
train_wo_1418.jpg,800,600,without_mask,104,153,743,599
train_wo_818.jpg,800,600,without_mask,100,121,391,427
train_wo_819.jpg,800,600,without_mask,178,106,546,406
train_wo_1419.jpg,800,600,without_mask,75,78,773,600
train_wo_1431.jpg,800,600,without_mask,156,182,621,516
train_wo_825.jpg,800,600,without_mask,166,172,616,484
train_wo_1357.jpg,800,600,without_mask,6,1,800,599
train_wo_1343.jpg,800,600,without_mask,55,119,800,536
train_wo_831.jpg,800,600,without_mask,261,193,574,463
train_wo_1425.jpg,800,600,without_mask,11,118,781,578
train_wo_602.jpg,800,600,without_mask,106,174,625,497
train_wo_164.jpg,800,600,without_mask,31,38,800,551
train_wo_170.jpg,800,600,without_mask,76,46,759,559
train_wo_616.jpg,800,600,without_mask,236,78,583,350
train_wo_1394.jpg,800,600,without_mask,6,38,787,591
train_wo_16.jpg,800,600,without_mask,8,10,800,600
train_wo_158.jpg,800,600,without_mask,36,27,746,589
train_wo_1380.jpg,800,600,without_mask,4,112,768,589
train_wo_1169.jpg,800,600,without_mask,4,84,780,593
train_wo_1155.jpg,800,600,without_mask,180,146,649,493
train_wo_399.jpg,800,600,without_mask,217,231,538,484
train_wo_1633.jpg,800,600,without_mask,21,108,778,600
train_wo_1627.jpg,800,600,without_mask,6,116,795,600
train_wo_1141.jpg,800,600,without_mask,40,85,499,455
train_wo_366.jpg,800,600,without_mask,255,136,608,542
train_wo_400.jpg,800,600,without_mask,8,1,519,282
train_wo_414.jpg,800,600,without_mask,34,42,768,587
train_wo_372.jpg,800,600,without_mask,42,59,736,572
train_wo_1196.jpg,800,600,without_mask,31,50,791,570
train_wo_428.jpg,800,600,without_mask,159,133,614,474
train_wo_1182.jpg,800,600,without_mask,210,146,508,376
train_wo_1009.jpg,800,600,without_mask,72,35,760,600
train_wo_1021.jpg,800,600,without_mask,156,150,641,529
train_wo_1035.jpg,800,600,without_mask,31,37,758,583
train_wo_212.jpg,800,600,without_mask,57,38,751,572
train_wo_574.jpg,800,600,without_mask,170,155,633,499
train_wo_560.jpg,800,600,without_mask,48,34,770,584
train_wo_206.jpg,800,600,without_mask,51,38,751,574
train_wo_548.jpg,800,600,without_mask,53,74,766,574
train_wo_0.jpg,800,600,without_mask,208,152,607,454
train_wo_1579.jpg,800,600,without_mask,300,110,526,303
train_wo_979.jpg,800,600,without_mask,17,82,753,568
train_wo_1545.jpg,800,600,without_mask,293,123,565,316
train_wo_789.jpg,800,600,without_mask,221,82,523,380
train_wo_951.jpg,800,600,without_mask,108,33,708,548
train_wo_1223.jpg,800,600,without_mask,42,42,746,585
train_wo_1237.jpg,800,600,without_mask,16,48,755,553
train_wo_945.jpg,800,600,without_mask,138,133,653,512
train_wo_1551.jpg,800,600,without_mask,174,184,648,531
train_wo_776.jpg,800,600,without_mask,1,55,789,595
train_wo_762.jpg,800,600,without_mask,38,31,789,597
train_wo_992.jpg,800,600,without_mask,131,182,627,516
train_wo_1586.jpg,800,600,without_mask,139,192,628,501
train_wo_1592.jpg,800,600,without_mask,28,94,800,600
train_wo_986.jpg,800,600,without_mask,4,102,776,595
train_wo_1584.jpg,800,600,without_mask,52,116,789,600
train_wo_748.jpg,800,600,without_mask,287,97,553,367
train_wo_990.jpg,800,600,without_mask,127,133,659,538
train_wo_984.jpg,800,600,without_mask,40,78,774,591
train_wo_1590.jpg,800,600,without_mask,150,162,621,494
train_wo_774.jpg,800,600,without_mask,8,55,800,600
train_wo_760.jpg,800,600,without_mask,46,33,800,565
train_wo_1221.jpg,800,600,without_mask,16,44,765,600
train_wo_953.jpg,800,600,without_mask,249,99,523,448
train_wo_1547.jpg,800,600,without_mask,1,71,800,600
train_wo_1553.jpg,800,600,without_mask,206,194,598,551
train_wo_947.jpg,800,600,without_mask,202,133,668,493
train_wo_1235.jpg,800,600,without_mask,44,106,795,585
train_wo_1209.jpg,800,600,without_mask,23,70,783,591
train_wo_238.jpg,800,600,without_mask,34,61,772,600
train_wo_2.jpg,800,600,without_mask,170,68,651,534
train_wo_576.jpg,800,600,without_mask,38,36,761,600
train_wo_210.jpg,800,600,without_mask,155,138,517,451
train_wo_204.jpg,800,600,without_mask,27,19,757,584
train_wo_562.jpg,800,600,without_mask,42,46,759,585
train_wo_589.jpg,800,600,without_mask,233,108,587,323
train_wo_1023.jpg,800,600,without_mask,79,87,731,600
train_wo_1037.jpg,800,600,without_mask,22,56,776,593
train_wo_1194.jpg,800,600,without_mask,8,10,783,582
train_wo_358.jpg,800,600,without_mask,185,138,648,493
train_wo_1180.jpg,800,600,without_mask,6,85,782,595
train_wo_402.jpg,800,600,without_mask,55,27,800,600
train_wo_364.jpg,800,600,without_mask,166,133,638,544
train_wo_370.jpg,800,600,without_mask,36,59,736,587
train_wo_416.jpg,800,600,without_mask,21,106,774,585
train_wo_1631.jpg,800,600,without_mask,184,179,693,499
train_wo_1157.jpg,800,600,without_mask,238,140,557,353
train_wo_1143.jpg,800,600,without_mask,114,155,604,521
train_wo_1625.jpg,800,600,without_mask,54,75,800,566
train_wo_1619.jpg,800,600,without_mask,134,116,730,488
train_wo_14.jpg,800,600,without_mask,31,25,759,585
train_wo_1396.jpg,800,600,without_mask,49,127,772,584
train_wo_628.jpg,800,600,without_mask,27,51,749,584
train_wo_1382.jpg,800,600,without_mask,15,80,781,585
train_wo_166.jpg,800,600,without_mask,131,204,625,534
train_wo_28.jpg,800,600,without_mask,106,6,708,557
train_wo_600.jpg,800,600,without_mask,49,65,748,555
train_wo_614.jpg,800,600,without_mask,202,84,542,306
train_wo_172.jpg,800,600,without_mask,23,78,780,600
train_wo_1355.jpg,800,600,without_mask,48,148,789,599
train_wo_199.jpg,800,600,without_mask,25,14,797,600
train_wo_827.jpg,800,600,without_mask,68,180,604,559
train_wo_1433.jpg,800,600,without_mask,4,78,779,589
train_wo_1427.jpg,800,600,without_mask,190,150,689,519
train_wo_833.jpg,800,600,without_mask,129,206,527,534
train_wo_1341.jpg,800,600,without_mask,246,142,531,401
train_wo_1369.jpg,800,600,without_mask,216,114,582,421
train_wo_1368.jpg,800,600,without_mask,10,34,763,580
train_wo_832.jpg,800,600,without_mask,146,176,619,534
train_wo_1426.jpg,800,600,without_mask,158,187,653,516
train_wo_1340.jpg,800,600,without_mask,10,65,778,582
train_wo_198.jpg,800,600,without_mask,27,19,772,600
train_wo_1354.jpg,800,600,without_mask,25,85,761,597
train_wo_1432.jpg,800,600,without_mask,45,44,800,563
train_wo_826.jpg,800,600,without_mask,104,140,687,484
train_wo_615.jpg,800,600,without_mask,295,67,540,289
train_wo_173.jpg,800,600,without_mask,17,21,755,600
train_wo_29.jpg,800,600,without_mask,102,150,538,476
train_wo_167.jpg,800,600,without_mask,185,123,663,516
train_wo_601.jpg,800,600,without_mask,142,155,597,502
train_wo_629.jpg,800,600,without_mask,38,70,748,589
train_wo_1383.jpg,800,600,without_mask,15,84,783,591
train_wo_1397.jpg,800,600,without_mask,11,51,775,600
train_wo_15.jpg,800,600,without_mask,178,8,616,593
train_wo_1618.jpg,800,600,without_mask,13,97,800,597
train_wo_1142.jpg,800,600,without_mask,1,125,789,595
train_wo_1624.jpg,800,600,without_mask,21,94,800,600
train_wo_1630.jpg,800,600,without_mask,4,73,778,555
train_wo_1156.jpg,800,600,without_mask,155,104,631,444
train_wo_371.jpg,800,600,without_mask,144,140,608,491
train_wo_417.jpg,800,600,without_mask,36,123,727,578
train_wo_403.jpg,800,600,without_mask,23,18,791,600
train_wo_365.jpg,800,600,without_mask,91,161,587,553
train_wo_1181.jpg,800,600,without_mask,151,51,689,589
train_wo_359.jpg,800,600,without_mask,310,161,514,272
train_wo_1195.jpg,800,600,without_mask,27,65,729,578
train_wo_1036.jpg,800,600,without_mask,14,25,781,600
train_wo_588.jpg,800,600,without_mask,178,159,653,538
train_wo_1022.jpg,800,600,without_mask,8,27,791,600
train_wo_205.jpg,800,600,without_mask,48,36,774,600
train_wo_563.jpg,800,600,without_mask,176,170,633,506
train_wo_577.jpg,800,600,without_mask,38,102,787,587
train_wo_211.jpg,800,600,without_mask,16,84,789,576
train_wo_239.jpg,800,600,without_mask,61,27,766,578
train_wo_3.jpg,800,600,without_mask,106,70,780,585
train_wo_1208.jpg,800,600,without_mask,23,21,797,595
train_wo_946.jpg,800,600,without_mask,170,140,657,516
train_wo_1552.jpg,800,600,without_mask,141,188,611,527
train_wo_1234.jpg,800,600,without_mask,14,97,774,591
train_wo_1220.jpg,800,600,without_mask,1,55,765,580
train_wo_1546.jpg,800,600,without_mask,89,123,398,425
train_wo_952.jpg,800,600,without_mask,8,10,793,593
train_wo_761.jpg,800,600,without_mask,1,53,761,587
train_wo_775.jpg,800,600,without_mask,2,44,791,600
train_wo_1591.jpg,800,600,without_mask,89,62,800,600
train_wo_985.jpg,800,600,without_mask,12,18,791,589
train_wo_991.jpg,800,600,without_mask,4,133,800,600
train_wo_749.jpg,800,600,without_mask,23,97,744,565
train_wo_1585.jpg,800,600,without_mask,45,79,800,594
train_wo_771.jpg,800,600,without_mask,44,85,766,597
train_wo_765.jpg,800,600,without_mask,34,23,782,600
train_wo_1581.jpg,800,600,without_mask,139,97,615,492
train_wo_995.jpg,800,600,without_mask,14,101,765,591
train_wo_759.jpg,800,600,without_mask,44,102,795,600
train_wo_981.jpg,800,600,without_mask,112,204,576,516
train_wo_1595.jpg,800,600,without_mask,21,75,763,600
train_wo_1218.jpg,800,600,without_mask,6,14,795,600
train_wo_956.jpg,800,600,without_mask,166,199,697,499
train_wo_1542.jpg,800,600,without_mask,111,190,652,518
train_wo_1224.jpg,800,600,without_mask,4,33,800,600
train_wo_1230.jpg,800,600,without_mask,33,127,772,599
train_wo_1556.jpg,800,600,without_mask,215,79,643,416
train_wo_942.jpg,800,600,without_mask,33,50,787,576
train_wo_215.jpg,800,600,without_mask,25,34,783,600
train_wo_573.jpg,800,600,without_mask,12,19,776,600
train_wo_567.jpg,800,600,without_mask,168,184,616,529
train_wo_201.jpg,800,600,without_mask,59,85,759,585
train_wo_229.jpg,800,600,without_mask,308,138,459,250
train_wo_7.jpg,800,600,without_mask,212,85,563,370
train_wo_1026.jpg,800,600,without_mask,37,120,787,564
train_wo_598.jpg,800,600,without_mask,185,204,621,514
train_wo_1032.jpg,800,600,without_mask,166,48,654,560
train_wo_361.jpg,800,600,without_mask,25,33,734,585
train_wo_407.jpg,800,600,without_mask,34,44,731,591
train_wo_413.jpg,800,600,without_mask,21,21,776,580
train_wo_375.jpg,800,600,without_mask,23,106,716,578
train_wo_1191.jpg,800,600,without_mask,19,61,763,584
train_wo_349.jpg,800,600,without_mask,170,187,661,497
train_wo_1185.jpg,800,600,without_mask,212,180,731,567
train_wo_1608.jpg,800,600,without_mask,34,86,795,586
train_wo_1152.jpg,800,600,without_mask,19,61,746,591
train_wo_1634.jpg,800,600,without_mask,6,147,789,600
train_wo_1620.jpg,800,600,without_mask,69,55,800,586
train_wo_1146.jpg,800,600,without_mask,289,180,612,385
train_wo_605.jpg,800,600,without_mask,93,116,399,404
train_wo_163.jpg,800,600,without_mask,63,53,800,580
train_wo_177.jpg,800,600,without_mask,325,129,499,250
train_wo_39.jpg,800,600,without_mask,212,165,659,463
train_wo_611.jpg,800,600,without_mask,187,148,648,501
train_wo_639.jpg,800,600,without_mask,136,138,614,516
train_wo_11.jpg,800,600,without_mask,16,55,768,591
train_wo_1393.jpg,800,600,without_mask,30,59,777,595
train_wo_1387.jpg,800,600,without_mask,2,19,772,599
train_wo_1378.jpg,800,600,without_mask,40,76,756,591
train_wo_822.jpg,800,600,without_mask,146,165,602,495
train_wo_1436.jpg,800,600,without_mask,62,36,296,346
train_wo_1436.jpg,800,600,without_mask,394,2,792,440
train_wo_1350.jpg,800,600,without_mask,123,97,606,536
train_wo_188.jpg,800,600,without_mask,206,153,668,512
train_wo_1344.jpg,800,600,without_mask,6,91,800,568
train_wo_1422.jpg,800,600,without_mask,183,185,660,523
train_wo_836.jpg,800,600,without_mask,155,85,402,248
train_wo_1345.jpg,800,600,without_mask,40,116,800,570
train_wo_189.jpg,800,600,without_mask,42,23,780,587
train_wo_837.jpg,800,600,without_mask,91,118,383,423
train_wo_1423.jpg,800,600,without_mask,19,78,762,600
train_wo_1437.jpg,800,600,without_mask,79,108,726,563
train_wo_823.jpg,800,600,without_mask,129,167,633,499
train_wo_1351.jpg,800,600,without_mask,17,23,768,582
train_wo_1379.jpg,800,600,without_mask,6,53,749,600
train_wo_1386.jpg,800,600,without_mask,1,55,798,600
train_wo_638.jpg,800,600,without_mask,36,53,774,561
train_wo_1392.jpg,800,600,without_mask,24,33,777,593
train_wo_10.jpg,800,600,without_mask,25,68,768,600
train_wo_38.jpg,800,600,without_mask,34,51,800,600
train_wo_176.jpg,800,600,without_mask,10,18,776,599
train_wo_610.jpg,800,600,without_mask,174,182,680,508
train_wo_604.jpg,800,600,without_mask,146,134,644,516
train_wo_162.jpg,800,600,without_mask,40,51,778,591
train_wo_1621.jpg,800,600,without_mask,30,116,791,600
train_wo_1147.jpg,800,600,without_mask,14,95,785,572
train_wo_1153.jpg,800,600,without_mask,17,25,800,600
train_wo_1609.jpg,800,600,without_mask,15,110,782,575
train_wo_1184.jpg,800,600,without_mask,149,57,665,591
train_wo_348.jpg,800,600,without_mask,42,50,765,589
train_wo_1190.jpg,800,600,without_mask,2,4,789,600
train_wo_412.jpg,800,600,without_mask,21,65,772,585
train_wo_374.jpg,800,600,without_mask,33,84,797,587
train_wo_360.jpg,800,600,without_mask,248,70,583,353
train_wo_406.jpg,800,600,without_mask,6,40,682,600
train_wo_599.jpg,800,600,without_mask,161,163,499,393
train_wo_1033.jpg,800,600,without_mask,24,47,776,575
train_wo_1027.jpg,800,600,without_mask,14,79,758,585
train_wo_6.jpg,800,600,without_mask,274,102,568,355
train_wo_228.jpg,800,600,without_mask,2,104,746,587
train_wo_566.jpg,800,600,without_mask,48,46,753,595
train_wo_200.jpg,800,600,without_mask,4,8,793,600
train_wo_214.jpg,800,600,without_mask,214,108,476,361
train_wo_572.jpg,800,600,without_mask,140,74,500,318
train_wo_1231.jpg,800,600,without_mask,1,127,742,600
train_wo_943.jpg,800,600,without_mask,14,31,776,585
train_wo_1557.jpg,800,600,without_mask,17,116,798,590
train_wo_1543.jpg,800,600,without_mask,106,151,665,566
train_wo_957.jpg,800,600,without_mask,19,110,770,582
train_wo_1225.jpg,800,600,without_mask,182,134,733,506
train_wo_1219.jpg,800,600,without_mask,2,91,791,595
train_wo_1594.jpg,800,600,without_mask,50,71,800,592
train_wo_980.jpg,800,600,without_mask,21,89,785,584
train_wo_758.jpg,800,600,without_mask,25,42,763,599
train_wo_994.jpg,800,600,without_mask,23,76,748,578
train_wo_1580.jpg,800,600,without_mask,11,131,748,588
train_wo_764.jpg,800,600,without_mask,34,23,751,557
train_wo_770.jpg,800,600,without_mask,16,55,789,561
train_wo_766.jpg,800,600,without_mask,23,23,800,600
train_wo_772.jpg,800,600,without_mask,19,89,800,546
train_wo_982.jpg,800,600,without_mask,191,219,653,527
train_wo_1596.jpg,800,600,without_mask,6,8,800,600
train_wo_1582.jpg,800,600,without_mask,39,90,430,440
train_wo_996.jpg,800,600,without_mask,6,110,782,561
train_wo_1569.jpg,800,600,without_mask,6,105,782,600
train_wo_969.jpg,800,600,without_mask,272,74,580,329
train_wo_1555.jpg,800,600,without_mask,17,103,800,586
train_wo_941.jpg,800,600,without_mask,306,191,578,434
train_wo_799.jpg,800,600,without_mask,12,16,778,587
train_wo_1233.jpg,800,600,without_mask,29,106,785,595
train_wo_1227.jpg,800,600,without_mask,6,2,749,597
train_wo_955.jpg,800,600,without_mask,25,65,783,585
train_wo_1541.jpg,800,600,without_mask,45,166,606,560
train_wo_202.jpg,800,600,without_mask,61,74,766,591
train_wo_564.jpg,800,600,without_mask,200,155,616,508
train_wo_570.jpg,800,600,without_mask,44,59,757,572
train_wo_216.jpg,800,600,without_mask,157,136,623,497
train_wo_4.jpg,800,600,without_mask,49,23,780,591
train_wo_558.jpg,800,600,without_mask,19,25,785,600
train_wo_1019.jpg,800,600,without_mask,297,97,753,422
train_wo_1031.jpg,800,600,without_mask,174,35,587,572
train_wo_1025.jpg,800,600,without_mask,20,66,768,600
train_wo_376.jpg,800,600,without_mask,25,80,746,538
train_wo_410.jpg,800,600,without_mask,42,119,757,597
train_wo_404.jpg,800,600,without_mask,23,31,759,584
train_wo_362.jpg,800,600,without_mask,99,112,672,555
train_wo_1186.jpg,800,600,without_mask,144,74,527,544
train_wo_438.jpg,800,600,without_mask,159,150,578,482
train_wo_1192.jpg,800,600,without_mask,8,53,721,600
train_wo_1179.jpg,800,600,without_mask,233,133,561,367
train_wo_1145.jpg,800,600,without_mask,1,93,793,582
train_wo_389.jpg,800,600,without_mask,23,25,774,551
train_wo_1623.jpg,800,600,without_mask,17,88,776,584
train_wo_1151.jpg,800,600,without_mask,14,25,783,555
train_wo_612.jpg,800,600,without_mask,23,40,753,600
train_wo_174.jpg,800,600,without_mask,29,23,774,599
train_wo_160.jpg,800,600,without_mask,61,25,795,593
train_wo_606.jpg,800,600,without_mask,157,233,644,534
train_wo_1384.jpg,800,600,without_mask,189,146,628,463
train_wo_148.jpg,800,600,without_mask,1,27,800,597
train_wo_12.jpg,800,600,without_mask,227,125,682,518
train_wo_1390.jpg,800,600,without_mask,21,34,775,585
train_wo_809.jpg,800,600,without_mask,16,14,800,600
train_wo_1409.jpg,800,600,without_mask,9,63,775,568
train_wo_1421.jpg,800,600,without_mask,198,159,698,519
train_wo_835.jpg,800,600,without_mask,16,163,751,582
train_wo_1347.jpg,800,600,without_mask,93,121,391,427
train_wo_1353.jpg,800,600,without_mask,68,87,776,597
train_wo_821.jpg,800,600,without_mask,146,110,657,521
train_wo_1435.jpg,800,600,without_mask,11,50,800,582
train_wo_1352.jpg,800,600,without_mask,12,93,787,563
train_wo_1434.jpg,800,600,without_mask,158,174,645,523
train_wo_820.jpg,800,600,without_mask,17,27,785,582
train_wo_834.jpg,800,600,without_mask,157,146,642,501
train_wo_1420.jpg,800,600,without_mask,145,55,668,599
train_wo_1346.jpg,800,600,without_mask,16,42,765,589
train_wo_1408.jpg,800,600,without_mask,202,129,656,468
train_wo_808.jpg,800,600,without_mask,4,27,785,591
train_wo_1391.jpg,800,600,without_mask,140,108,598,440
train_wo_13.jpg,800,600,without_mask,170,144,649,529
train_wo_149.jpg,800,600,without_mask,8,116,787,600
train_wo_1385.jpg,800,600,without_mask,115,1,530,523
train_wo_161.jpg,800,600,without_mask,51,23,748,548
train_wo_607.jpg,800,600,without_mask,42,59,746,570
train_wo_613.jpg,800,600,without_mask,1,51,749,600
train_wo_175.jpg,800,600,without_mask,17,10,782,574
train_wo_1150.jpg,800,600,without_mask,33,18,800,589
train_wo_388.jpg,800,600,without_mask,204,167,655,482
train_wo_1144.jpg,800,600,without_mask,287,114,761,425
train_wo_1622.jpg,800,600,without_mask,50,68,595,427
train_wo_1178.jpg,800,600,without_mask,317,201,568,423
train_wo_439.jpg,800,600,without_mask,42,85,757,574
train_wo_1193.jpg,800,600,without_mask,8,4,778,599
train_wo_1187.jpg,800,600,without_mask,178,202,657,523
train_wo_405.jpg,800,600,without_mask,202,197,665,521
train_wo_363.jpg,800,600,without_mask,193,134,644,491
train_wo_377.jpg,800,600,without_mask,49,46,751,584
train_wo_411.jpg,800,600,without_mask,33,57,770,584
train_wo_1024.jpg,800,600,without_mask,179,147,676,529
train_wo_1030.jpg,800,600,without_mask,24,43,785,579
train_wo_1018.jpg,800,600,without_mask,187,139,662,520
train_wo_559.jpg,800,600,without_mask,23,8,789,589
train_wo_5.jpg,800,600,without_mask,182,144,612,504
train_wo_571.jpg,800,600,without_mask,31,57,783,589
train_wo_217.jpg,800,600,without_mask,85,110,634,502
train_wo_203.jpg,800,600,without_mask,200,129,578,363
train_wo_565.jpg,800,600,without_mask,44,42,780,599
train_wo_1226.jpg,800,600,without_mask,12,1,502,272
train_wo_1540.jpg,800,600,without_mask,184,181,734,560
train_wo_954.jpg,800,600,without_mask,161,153,653,506
train_wo_798.jpg,800,600,without_mask,183,151,683,527
train_wo_940.jpg,800,600,without_mask,193,155,710,551
train_wo_1554.jpg,800,600,without_mask,215,166,613,531
train_wo_1232.jpg,800,600,without_mask,114,170,527,461
train_wo_968.jpg,800,600,without_mask,27,57,765,599
train_wo_1568.jpg,800,600,without_mask,2,92,791,600
train_wo_997.jpg,800,600,without_mask,10,110,783,600
train_wo_1583.jpg,800,600,without_mask,4,10,793,600
train_wo_1597.jpg,800,600,without_mask,139,194,650,514
train_wo_983.jpg,800,600,without_mask,187,212,606,516
train_wo_773.jpg,800,600,without_mask,19,102,800,557
train_wo_767.jpg,800,600,without_mask,17,99,734,578
train_wo_1296.jpg,800,600,without_mask,19,67,768,595
train_wo_1282.jpg,800,600,without_mask,336,140,642,387
train_wo_728.jpg,800,600,without_mask,1,51,780,585
train_wo_700.jpg,800,600,without_mask,17,23,766,595
train_wo_714.jpg,800,600,without_mask,127,106,665,495
train_wo_927.jpg,800,600,without_mask,74,57,787,591
train_wo_1533.jpg,800,600,without_mask,143,131,624,436
train_wo_1255.jpg,800,600,without_mask,174,155,668,450
train_wo_1241.jpg,800,600,without_mask,4,170,744,587
train_wo_1527.jpg,800,600,without_mask,39,129,776,590
train_wo_933.jpg,800,600,without_mask,4,42,749,555
train_wo_1269.jpg,800,600,without_mask,46,74,765,597
train_wo_1094.jpg,800,600,without_mask,49,33,800,589
train_wo_258.jpg,800,600,without_mask,48,31,753,567
train_wo_1080.jpg,800,600,without_mask,187,152,683,531
train_wo_264.jpg,800,600,without_mask,229,151,661,519
train_wo_502.jpg,800,600,without_mask,129,33,791,600
train_wo_516.jpg,800,600,without_mask,53,84,734,597
train_wo_270.jpg,800,600,without_mask,25,42,749,519
train_wo_1057.jpg,800,600,without_mask,6,22,764,591
train_wo_1043.jpg,800,600,without_mask,158,145,649,508
train_wo_338.jpg,800,600,without_mask,46,51,800,585
train_wo_310.jpg,800,600,without_mask,131,123,595,472
train_wo_476.jpg,800,600,without_mask,259,76,565,357
train_wo_462.jpg,800,600,without_mask,42,34,749,551
train_wo_304.jpg,800,600,without_mask,49,57,763,582
train_wo_1123.jpg,800,600,without_mask,17,21,795,600
train_wo_489.jpg,800,600,without_mask,36,29,748,600
train_wo_1137.jpg,800,600,without_mask,12,10,799,572
train_wo_1484.jpg,800,600,without_mask,7,82,762,600
train_wo_890.jpg,800,600,without_mask,17,14,774,593
train_wo_648.jpg,800,600,without_mask,59,108,765,563
train_wo_60.jpg,800,600,without_mask,206,140,651,501
train_wo_74.jpg,800,600,without_mask,36,36,761,550
train_wo_884.jpg,800,600,without_mask,31,101,753,593
train_wo_1490.jpg,800,600,without_mask,28,95,798,600
train_wo_674.jpg,800,600,without_mask,1,74,800,600
train_wo_112.jpg,800,600,without_mask,138,172,682,504
train_wo_106.jpg,800,600,without_mask,249,57,512,453
train_wo_48.jpg,800,600,without_mask,17,14,763,600
train_wo_660.jpg,800,600,without_mask,19,63,795,574
train_wo_853.jpg,800,600,without_mask,31,74,763,584
train_wo_1447.jpg,800,600,without_mask,24,14,798,600
train_wo_1321.jpg,800,600,without_mask,23,91,761,600
train_wo_1335.jpg,800,600,without_mask,19,68,763,567
train_wo_1453.jpg,800,600,without_mask,7,50,800,600
train_wo_847.jpg,800,600,without_mask,227,133,546,534
train_wo_1309.jpg,800,600,without_mask,8,53,759,600
train_wo_1308.jpg,800,600,without_mask,10,91,744,584
train_wo_1334.jpg,800,600,without_mask,48,99,749,600
train_wo_846.jpg,800,600,without_mask,157,168,644,501
train_wo_1452.jpg,800,600,without_mask,272,146,466,429
train_wo_1446.jpg,800,600,without_mask,7,14,740,597
train_wo_852.jpg,800,600,without_mask,285,157,597,397
train_wo_1320.jpg,800,600,without_mask,191,157,680,531
train_wo_49.jpg,800,600,without_mask,12,8,776,600
train_wo_107.jpg,800,600,without_mask,87,165,502,497
train_wo_661.jpg,800,600,without_mask,6,8,800,600
train_wo_675.jpg,800,600,without_mask,4,40,782,600
train_wo_113.jpg,800,600,without_mask,329,108,600,357
train_wo_75.jpg,800,600,without_mask,34,27,763,595
train_wo_1491.jpg,800,600,without_mask,6,6,800,600
train_wo_885.jpg,800,600,without_mask,29,72,746,561
train_wo_649.jpg,800,600,without_mask,4,101,800,591
train_wo_891.jpg,800,600,without_mask,16,38,793,595
train_wo_1485.jpg,800,600,without_mask,7,59,798,600
train_wo_61.jpg,800,600,without_mask,199,134,676,506
train_wo_1136.jpg,800,600,without_mask,33,76,731,587
train_wo_1122.jpg,800,600,without_mask,416,157,546,357
train_wo_488.jpg,800,600,without_mask,78,167,623,472
train_wo_463.jpg,800,600,without_mask,34,57,770,587
train_wo_305.jpg,800,600,without_mask,8,34,766,568
train_wo_311.jpg,800,600,without_mask,151,108,714,442
train_wo_477.jpg,800,600,without_mask,134,129,672,525
train_wo_339.jpg,800,600,without_mask,21,55,763,600
train_wo_1042.jpg,800,600,without_mask,20,18,793,600
train_wo_1056.jpg,800,600,without_mask,191,123,681,485
train_wo_517.jpg,800,600,without_mask,36,63,791,576
train_wo_271.jpg,800,600,without_mask,40,57,734,568
train_wo_265.jpg,800,600,without_mask,31,53,774,582
train_wo_503.jpg,800,600,without_mask,23,36,782,587
train_wo_1081.jpg,800,600,without_mask,26,25,762,593
train_wo_259.jpg,800,600,without_mask,55,142,642,506
train_wo_1095.jpg,800,600,without_mask,295,102,758,427
train_wo_1268.jpg,800,600,without_mask,17,104,800,568
train_wo_1240.jpg,800,600,without_mask,127,148,608,527
train_wo_932.jpg,800,600,without_mask,242,78,580,355
train_wo_1526.jpg,800,600,without_mask,24,66,778,588
train_wo_1532.jpg,800,600,without_mask,241,151,526,381
train_wo_926.jpg,800,600,without_mask,42,70,763,589
train_wo_1254.jpg,800,600,without_mask,191,167,668,519
train_wo_715.jpg,800,600,without_mask,153,134,640,519
train_wo_701.jpg,800,600,without_mask,176,150,502,389
train_wo_1283.jpg,800,600,without_mask,29,27,800,580
train_wo_729.jpg,800,600,without_mask,23,44,774,585
train_wo_1297.jpg,800,600,without_mask,282,195,668,434
train_wo_1281.jpg,800,600,without_mask,17,80,734,570
train_wo_1295.jpg,800,600,without_mask,138,155,549,431
train_wo_717.jpg,800,600,without_mask,404,134,548,368
train_wo_703.jpg,800,600,without_mask,146,36,600,434
train_wo_1524.jpg,800,600,without_mask,21,36,800,594
train_wo_930.jpg,800,600,without_mask,153,144,616,499
train_wo_1242.jpg,800,600,without_mask,1,27,791,591
train_wo_1256.jpg,800,600,without_mask,180,157,638,472
train_wo_924.jpg,800,600,without_mask,6,33,793,587
train_wo_1530.jpg,800,600,without_mask,1,36,776,592
train_wo_1518.jpg,800,600,without_mask,2,66,789,600
train_wo_918.jpg,800,600,without_mask,189,159,659,519
train_wo_1083.jpg,800,600,without_mask,28,114,774,566
train_wo_529.jpg,800,600,without_mask,42,48,755,580
train_wo_1097.jpg,800,600,without_mask,10,39,783,593
train_wo_273.jpg,800,600,without_mask,34,48,757,582
train_wo_515.jpg,800,600,without_mask,187,114,585,463
train_wo_501.jpg,800,600,without_mask,6,68,774,576
train_wo_267.jpg,800,600,without_mask,251,97,621,470
train_wo_1040.jpg,800,600,without_mask,33,48,766,560
train_wo_298.jpg,800,600,without_mask,6,25,736,582
train_wo_1054.jpg,800,600,without_mask,29,64,787,595
train_wo_1068.jpg,800,600,without_mask,233,158,497,498
train_wo_449.jpg,800,600,without_mask,95,125,436,368
train_wo_307.jpg,800,600,without_mask,46,67,744,591
train_wo_461.jpg,800,600,without_mask,78,27,761,561
train_wo_475.jpg,800,600,without_mask,129,168,629,518
train_wo_313.jpg,800,600,without_mask,200,70,649,568
train_wo_1134.jpg,800,600,without_mask,249,184,593,434
train_wo_1120.jpg,800,600,without_mask,6,33,791,587
train_wo_1108.jpg,800,600,without_mask,19,40,761,582
train_wo_887.jpg,800,600,without_mask,29,19,789,576
train_wo_1493.jpg,800,600,without_mask,15,68,745,553
train_wo_139.jpg,800,600,without_mask,38,33,774,585
train_wo_77.jpg,800,600,without_mask,166,138,548,468
train_wo_63.jpg,800,600,without_mask,8,14,800,600
train_wo_1487.jpg,800,600,without_mask,24,18,800,600
train_wo_893.jpg,800,600,without_mask,1,59,753,600
train_wo_663.jpg,800,600,without_mask,19,57,780,584
train_wo_105.jpg,800,600,without_mask,185,142,706,559
train_wo_111.jpg,800,600,without_mask,282,99,510,514
train_wo_677.jpg,800,600,without_mask,46,51,748,576
train_wo_1450.jpg,800,600,without_mask,23,61,773,597
train_wo_844.jpg,800,600,without_mask,38,57,761,580
train_wo_1336.jpg,800,600,without_mask,142,184,602,510
train_wo_1322.jpg,800,600,without_mask,4,36,778,600
train_wo_688.jpg,800,600,without_mask,2,4,785,593
train_wo_850.jpg,800,600,without_mask,142,165,661,514
train_wo_1444.jpg,800,600,without_mask,19,23,800,600
train_wo_878.jpg,800,600,without_mask,33,82,759,595
train_wo_88.jpg,800,600,without_mask,16,4,766,595
train_wo_1478.jpg,800,600,without_mask,4,140,781,600
train_wo_1479.jpg,800,600,without_mask,23,114,800,599
train_wo_879.jpg,800,600,without_mask,27,38,742,574
train_wo_89.jpg,800,600,without_mask,33,55,755,600
train_wo_1323.jpg,800,600,without_mask,8,93,789,574
train_wo_1445.jpg,800,600,without_mask,7,14,800,600
train_wo_851.jpg,800,600,without_mask,29,67,772,593
train_wo_689.jpg,800,600,without_mask,49,68,761,591
train_wo_845.jpg,800,600,without_mask,4,106,761,595
train_wo_1451.jpg,800,600,without_mask,90,123,613,459
train_wo_1337.jpg,800,600,without_mask,1,76,774,580
train_wo_110.jpg,800,600,without_mask,236,131,559,433
train_wo_676.jpg,800,600,without_mask,17,67,789,595
train_wo_662.jpg,800,600,without_mask,6,23,800,585
train_wo_104.jpg,800,600,without_mask,263,25,536,448
train_wo_62.jpg,800,600,without_mask,19,46,768,561
train_wo_892.jpg,800,600,without_mask,229,97,587,301
train_wo_1486.jpg,800,600,without_mask,4,84,800,600
train_wo_1492.jpg,800,600,without_mask,128,148,660,542
train_wo_886.jpg,800,600,without_mask,16,18,783,600
train_wo_76.jpg,800,600,without_mask,129,185,610,538
train_wo_138.jpg,800,600,without_mask,36,25,765,565
train_wo_1109.jpg,800,600,without_mask,31,101,761,563
train_wo_1121.jpg,800,600,without_mask,38,87,765,593
train_wo_1135.jpg,800,600,without_mask,16,74,768,600
train_wo_474.jpg,800,600,without_mask,210,48,619,467
train_wo_312.jpg,800,600,without_mask,34,36,800,587
train_wo_306.jpg,800,600,without_mask,53,53,783,591
train_wo_460.jpg,800,600,without_mask,34,140,753,565
train_wo_448.jpg,800,600,without_mask,78,87,531,321
train_wo_1069.jpg,800,600,without_mask,172,166,626,495
train_wo_1055.jpg,800,600,without_mask,158,181,631,564
train_wo_299.jpg,800,600,without_mask,21,42,731,587
train_wo_1041.jpg,800,600,without_mask,8,72,756,600
train_wo_500.jpg,800,600,without_mask,51,65,733,576
train_wo_266.jpg,800,600,without_mask,25,21,782,597
train_wo_272.jpg,800,600,without_mask,165,157,504,434
train_wo_514.jpg,800,600,without_mask,108,142,700,444
train_wo_1096.jpg,800,600,without_mask,10,73,776,598
train_wo_1082.jpg,800,600,without_mask,179,166,651,510
train_wo_528.jpg,800,600,without_mask,4,48,759,591
train_wo_919.jpg,800,600,without_mask,4,31,774,582
train_wo_1519.jpg,800,600,without_mask,148,123,621,475
train_wo_1257.jpg,800,600,without_mask,4,61,757,565
train_wo_1531.jpg,800,600,without_mask,221,197,626,423
train_wo_925.jpg,800,600,without_mask,4,6,793,595
train_wo_931.jpg,800,600,without_mask,10,57,712,600
train_wo_1525.jpg,800,600,without_mask,4,94,784,592
train_wo_1243.jpg,800,600,without_mask,19,33,789,576
train_wo_702.jpg,800,600,without_mask,91,119,391,429
train_wo_716.jpg,800,600,without_mask,119,144,663,521
train_wo_1294.jpg,800,600,without_mask,166,148,649,510
train_wo_1280.jpg,800,600,without_mask,225,185,678,523
train_wo_712.jpg,800,600,without_mask,12,129,800,574
train_wo_706.jpg,800,600,without_mask,183,140,651,491
train_wo_1284.jpg,800,600,without_mask,131,148,495,433
train_wo_1290.jpg,800,600,without_mask,8,133,799,600
train_wo_909.jpg,800,600,without_mask,16,51,782,591
train_wo_1509.jpg,800,600,without_mask,156,134,619,486
train_wo_1247.jpg,800,600,without_mask,31,116,759,567
train_wo_1521.jpg,800,600,without_mask,26,49,782,600
train_wo_935.jpg,800,600,without_mask,8,159,731,565
train_wo_921.jpg,800,600,without_mask,8,16,800,600
train_wo_1535.jpg,800,600,without_mask,169,66,441,360
train_wo_1253.jpg,800,600,without_mask,4,44,780,600
train_wo_510.jpg,800,600,without_mask,189,112,655,506
train_wo_276.jpg,800,600,without_mask,104,138,565,470
train_wo_262.jpg,800,600,without_mask,44,23,778,585
train_wo_504.jpg,800,600,without_mask,57,50,772,599
train_wo_1086.jpg,800,600,without_mask,214,145,564,358
train_wo_1092.jpg,800,600,without_mask,12,27,783,600
train_wo_538.jpg,800,600,without_mask,17,48,759,568
train_wo_1079.jpg,800,600,without_mask,51,14,720,600
train_wo_1045.jpg,800,600,without_mask,160,154,537,420
train_wo_289.jpg,800,600,without_mask,12,16,746,589
train_wo_1051.jpg,800,600,without_mask,178,102,410,408
train_wo_464.jpg,800,600,without_mask,36,65,748,582
train_wo_302.jpg,800,600,without_mask,42,21,778,591
train_wo_316.jpg,800,600,without_mask,38,61,748,582
train_wo_470.jpg,800,600,without_mask,259,101,568,384
train_wo_458.jpg,800,600,without_mask,12,10,768,582
train_wo_1119.jpg,800,600,without_mask,16,127,744,591
train_wo_1131.jpg,800,600,without_mask,42,138,753,580
train_wo_1125.jpg,800,600,without_mask,183,123,678,506
train_wo_100.jpg,800,600,without_mask,163,125,636,512
train_wo_666.jpg,800,600,without_mask,34,38,763,563
train_wo_672.jpg,800,600,without_mask,289,119,568,321
train_wo_114.jpg,800,600,without_mask,151,123,629,512
train_wo_72.jpg,800,600,without_mask,153,138,646,533
train_wo_882.jpg,800,600,without_mask,10,82,772,572
train_wo_1496.jpg,800,600,without_mask,30,91,800,600
train_wo_1482.jpg,800,600,without_mask,2,1,798,600
train_wo_896.jpg,800,600,without_mask,19,8,795,587
train_wo_128.jpg,800,600,without_mask,157,157,500,416
train_wo_66.jpg,800,600,without_mask,17,16,778,600
train_wo_1469.jpg,800,600,without_mask,34,85,798,600
train_wo_869.jpg,800,600,without_mask,178,172,674,506
train_wo_99.jpg,800,600,without_mask,29,12,791,600
train_wo_1333.jpg,800,600,without_mask,19,101,759,599
train_wo_1455.jpg,800,600,without_mask,32,72,770,589
train_wo_699.jpg,800,600,without_mask,116,146,668,576
train_wo_841.jpg,800,600,without_mask,27,144,748,593
train_wo_855.jpg,800,600,without_mask,49,106,763,585
train_wo_1441.jpg,800,600,without_mask,26,57,768,565
train_wo_1327.jpg,800,600,without_mask,25,40,791,600
train_wo_1440.jpg,800,600,without_mask,32,82,762,585
train_wo_854.jpg,800,600,without_mask,17,68,736,551
train_wo_1326.jpg,800,600,without_mask,1,68,780,570
train_wo_1332.jpg,800,600,without_mask,259,178,683,425
train_wo_840.jpg,800,600,without_mask,17,72,740,580
train_wo_698.jpg,800,600,without_mask,170,118,491,372
train_wo_1454.jpg,800,600,without_mask,324,118,526,325
train_wo_868.jpg,800,600,without_mask,17,116,761,585
train_wo_98.jpg,800,600,without_mask,27,25,789,600
train_wo_1468.jpg,800,600,without_mask,11,67,749,567
train_wo_897.jpg,800,600,without_mask,19,151,665,542
train_wo_1483.jpg,800,600,without_mask,2,61,775,600
train_wo_67.jpg,800,600,without_mask,297,99,597,387
train_wo_129.jpg,800,600,without_mask,16,31,791,595
train_wo_73.jpg,800,600,without_mask,234,187,531,416
train_wo_1497.jpg,800,600,without_mask,2,97,800,600
train_wo_883.jpg,800,600,without_mask,6,12,800,600
train_wo_673.jpg,800,600,without_mask,136,182,621,512
train_wo_115.jpg,800,600,without_mask,40,87,783,600
train_wo_101.jpg,800,600,without_mask,6,55,791,561
train_wo_667.jpg,800,600,without_mask,151,150,657,516
train_wo_1124.jpg,800,600,without_mask,19,40,749,585
train_wo_1130.jpg,800,600,without_mask,17,119,768,595
train_wo_1118.jpg,800,600,without_mask,6,61,772,576
train_wo_459.jpg,800,600,without_mask,29,53,751,585
train_wo_317.jpg,800,600,without_mask,29,25,770,589
train_wo_471.jpg,800,600,without_mask,217,150,580,548
train_wo_465.jpg,800,600,without_mask,236,95,516,459
train_wo_303.jpg,800,600,without_mask,17,33,765,597
train_wo_1050.jpg,800,600,without_mask,156,150,616,500
train_wo_288.jpg,800,600,without_mask,16,29,799,600
train_wo_1044.jpg,800,600,without_mask,26,39,776,589
train_wo_1078.jpg,800,600,without_mask,6,4,749,547
train_wo_1093.jpg,800,600,without_mask,29,33,778,600
train_wo_539.jpg,800,600,without_mask,6,31,772,563
train_wo_1087.jpg,800,600,without_mask,28,87,785,568
train_wo_263.jpg,800,600,without_mask,33,33,797,585
train_wo_505.jpg,800,600,without_mask,53,16,793,599
train_wo_511.jpg,800,600,without_mask,17,97,776,567
train_wo_277.jpg,800,600,without_mask,42,101,738,576
train_wo_1534.jpg,800,600,without_mask,1,77,767,597
train_wo_920.jpg,800,600,without_mask,14,150,774,563
train_wo_1252.jpg,800,600,without_mask,34,63,721,584
train_wo_1246.jpg,800,600,without_mask,27,108,780,565
train_wo_934.jpg,800,600,without_mask,163,150,648,504
train_wo_1520.jpg,800,600,without_mask,6,40,800,600
train_wo_1508.jpg,800,600,without_mask,66,59,800,589
train_wo_908.jpg,800,600,without_mask,36,4,793,593
train_wo_1291.jpg,800,600,without_mask,244,148,638,433
train_wo_1285.jpg,800,600,without_mask,189,161,510,372
train_wo_707.jpg,800,600,without_mask,168,125,648,510
train_wo_713.jpg,800,600,without_mask,314,82,729,316
train_wo_705.jpg,800,600,without_mask,159,153,742,568
train_wo_711.jpg,800,600,without_mask,249,123,651,451
train_wo_1293.jpg,800,600,without_mask,134,55,649,600
train_wo_739.jpg,800,600,without_mask,17,8,797,600
train_wo_1287.jpg,800,600,without_mask,87,134,589,510
train_wo_1278.jpg,800,600,without_mask,80,131,642,444
train_wo_1250.jpg,800,600,without_mask,178,199,634,514
train_wo_922.jpg,800,600,without_mask,12,85,800,600
train_wo_1536.jpg,800,600,without_mask,54,90,798,597
train_wo_1522.jpg,800,600,without_mask,124,153,687,575
train_wo_936.jpg,800,600,without_mask,155,151,636,506
train_wo_1244.jpg,800,600,without_mask,223,138,485,316
train_wo_507.jpg,800,600,without_mask,231,50,627,380
train_wo_261.jpg,800,600,without_mask,48,48,719,567
train_wo_275.jpg,800,600,without_mask,195,151,706,555
train_wo_513.jpg,800,600,without_mask,51,59,766,578
train_wo_1091.jpg,800,600,without_mask,37,72,800,600
train_wo_249.jpg,800,600,without_mask,34,84,766,584
train_wo_1085.jpg,800,600,without_mask,12,75,766,558
train_wo_1052.jpg,800,600,without_mask,160,145,654,512
train_wo_1046.jpg,800,600,without_mask,253,122,518,456
train_wo_473.jpg,800,600,without_mask,6,38,712,599
train_wo_315.jpg,800,600,without_mask,293,144,608,438
train_wo_301.jpg,800,600,without_mask,8,6,691,587
train_wo_467.jpg,800,600,without_mask,10,38,800,557
train_wo_329.jpg,800,600,without_mask,153,108,623,514
train_wo_1126.jpg,800,600,without_mask,12,99,770,585
train_wo_1132.jpg,800,600,without_mask,23,99,759,600
train_wo_498.jpg,800,600,without_mask,149,148,617,519
train_wo_117.jpg,800,600,without_mask,240,89,546,385
train_wo_59.jpg,800,600,without_mask,151,82,610,489
train_wo_671.jpg,800,600,without_mask,63,93,770,591
train_wo_665.jpg,800,600,without_mask,185,91,700,463
train_wo_103.jpg,800,600,without_mask,8,44,749,584
train_wo_65.jpg,800,600,without_mask,27,21,753,585
train_wo_1481.jpg,800,600,without_mask,43,84,800,591
train_wo_895.jpg,800,600,without_mask,36,33,793,593
train_wo_881.jpg,800,600,without_mask,33,57,740,574
train_wo_659.jpg,800,600,without_mask,8,29,791,589
train_wo_1495.jpg,800,600,without_mask,45,102,800,600
train_wo_71.jpg,800,600,without_mask,72,63,765,568
train_wo_1318.jpg,800,600,without_mask,17,27,799,565
train_wo_1324.jpg,800,600,without_mask,159,172,672,525
train_wo_856.jpg,800,600,without_mask,4,31,800,600
train_wo_1442.jpg,800,600,without_mask,1,40,766,600
train_wo_1456.jpg,800,600,without_mask,21,59,766,572
train_wo_842.jpg,800,600,without_mask,72,48,717,563
train_wo_1330.jpg,800,600,without_mask,197,168,674,527
train_wo_843.jpg,800,600,without_mask,19,27,780,582
train_wo_1457.jpg,800,600,without_mask,26,84,770,600
train_wo_1331.jpg,800,600,without_mask,178,165,644,465
train_wo_1325.jpg,800,600,without_mask,48,106,782,600
train_wo_1443.jpg,800,600,without_mask,56,14,796,600
train_wo_857.jpg,800,600,without_mask,27,48,733,540
train_wo_1319.jpg,800,600,without_mask,131,134,408,385
train_wo_1494.jpg,800,600,without_mask,28,134,756,580
train_wo_658.jpg,800,600,without_mask,27,93,780,589
train_wo_880.jpg,800,600,without_mask,4,59,751,585
train_wo_70.jpg,800,600,without_mask,314,153,655,408
train_wo_64.jpg,800,600,without_mask,10,14,800,600
train_wo_894.jpg,800,600,without_mask,10,42,749,600
train_wo_1480.jpg,800,600,without_mask,17,85,772,595
train_wo_664.jpg,800,600,without_mask,402,134,716,431
train_wo_102.jpg,800,600,without_mask,170,119,634,523
train_wo_58.jpg,800,600,without_mask,16,21,795,600
train_wo_116.jpg,800,600,without_mask,185,159,627,550
train_wo_670.jpg,800,600,without_mask,44,78,766,578
train_wo_1133.jpg,800,600,without_mask,172,133,549,401
train_wo_499.jpg,800,600,without_mask,244,84,582,304
train_wo_1127.jpg,800,600,without_mask,2,112,753,597
train_wo_328.jpg,800,600,without_mask,10,38,744,584
train_wo_300.jpg,800,600,without_mask,74,19,797,591
train_wo_466.jpg,800,600,without_mask,168,104,636,510
train_wo_472.jpg,800,600,without_mask,21,53,761,580
train_wo_314.jpg,800,600,without_mask,16,67,770,600
train_wo_1047.jpg,800,600,without_mask,12,43,783,585
train_wo_1053.jpg,800,600,without_mask,266,216,501,506
train_wo_1084.jpg,800,600,without_mask,3,100,789,597
train_wo_248.jpg,800,600,without_mask,34,34,714,600
train_wo_1090.jpg,800,600,without_mask,54,79,762,581
train_wo_274.jpg,800,600,without_mask,155,110,704,442
train_wo_512.jpg,800,600,without_mask,40,104,748,587
train_wo_506.jpg,800,600,without_mask,27,74,778,553
train_wo_260.jpg,800,600,without_mask,285,85,744,427
train_wo_937.jpg,800,600,without_mask,165,146,516,444
train_wo_1523.jpg,800,600,without_mask,198,142,652,494
train_wo_1245.jpg,800,600,without_mask,25,29,797,576
train_wo_1251.jpg,800,600,without_mask,182,123,500,419
train_wo_1537.jpg,800,600,without_mask,182,173,615,542
train_wo_923.jpg,800,600,without_mask,44,14,800,580
train_wo_1279.jpg,800,600,without_mask,23,70,800,585
train_wo_1286.jpg,800,600,without_mask,180,106,691,510
train_wo_1292.jpg,800,600,without_mask,85,185,563,510
train_wo_738.jpg,800,600,without_mask,112,142,582,514
train_wo_710.jpg,800,600,without_mask,185,123,546,414
train_wo_704.jpg,800,600,without_mask,42,25,772,585
